,2022-03-31,2021-03-31,2020-03-31,2019-03-31,2018-03-31,2017-03-31,2016-03-31,2015-03-31,2014-03-31,2013-03-31,2012-03-31,2011-03-31,2010-03-31,2009-03-31,2008-03-31,2007-03-31,2006-03-31,2005-03-31,2004-03-31,2003-03-31,2002-03-31,2001-03-31,2000-03-31,1999-03-31,1998-03-31,1997-03-31,1996-03-31,1995-03-31,1994-03-31,1993-03-31,1992-03-31,1991-03-31,1990-03-31,1989-03-31,1988-03-31
currentRatio,7.052536166463234,6.1097240422116945,4.821344353034841,6.388771486254457,5.836789400344819,4.696525273999167,6.1965149008401195,5.598794475953102,3.879056920193351,4.309764931992904,4.931474459067589,3.792552477285951,4.576395039858282,5.03379031799306,3.6713390840008215,7.473210824222687,5.314452454514247,11.31175747644408,7.664041450777202,10.178165519449335,8.208647906657516,11.928850228616037,14.375628911522886,4.881405395855199,6.9557061691226005,4.868784867214807,6.622528173130754,5.5,6.454545454545454,10.0,16.666666666666668,26.666666666666668,20.46153846153846,11.090909090909092,12.0
quickRatio,6.133420484338098,5.279361707076895,4.001713614133525,5.495452744391404,5.104496823409933,4.079506442391945,5.476332695902538,4.165568808972761,3.3190621814475025,3.683212596096984,4.357840731652911,3.387548672962449,3.973704605845881,4.147164230047215,2.6889505031834053,6.672637047375359,4.544570316969905,10.27038099139697,6.900932642487047,9.579478149511766,7.712716933032651,11.433701349392216,13.875935697631611,4.3150411163857685,6.441314294952636,4.268472661695062,5.85173321488933,1.7142857142857142,2.0,1.25,4.416666666666667,9.777777777777779,19.46153846153846,10.181818181818182,11.5
cashRatio,0.9592725539337122,1.8043871007761556,1.4583993630814724,1.1417290892280987,0.5074868330932193,0.5607825674763348,1.0363120689284717,0.5697245606449808,0.6877774489493933,0.34931253696037845,0.26723176444345303,0.26097659222127734,0.2650575730735164,0.10154161215086183,0.10484699116861779,5.400170582305963,0.8962123812793226,1.5604260548955347,1.4286010362694301,7.134944773491275,4.47759584272968,10.088323854131817,12.506687937170206,1.6264284166843697,0.5442760815382328,0.4867323191420821,1.297320351587956,0.42857142857142855,0.45454545454545453,0.5833333333333334,3.9166666666666665,9.0,4.153846153846154,9.454545454545455,11.083333333333334
daysOfSalesOutstanding,32.05410597303812,41.851816236038715,36.74381572703931,43.0776013994739,43.03779880050324,44.30697905251244,47.42830222459588,50.44144656573068,48.41080248090044,52.9665958361792,59.087398615232445,55.4837816729444,57.556496680783546,78.39448162819286,87.136543322984,78.7810223301546,74.22028852759331,82.47265543227968,84.68782780993823,84.46203346203346,99.76412986819568,147.02040488431876,108.46094062264066,106.36619493042971,87.10309837599056,106.79321926408386,74.0676091067854,71.41304347826087,92.61194029850746,85.88235294117646,81.11111111111111,127.75,85.16666666666667,100.6896551724138,43.45238095238095
daysOfInventoryOutstanding,182.30989381264683,182.7378371534276,217.32341958296155,228.01971180933415,185.88226940282613,180.5232418197007,193.579801265396,153.27350106396295,136.40801671936123,172.4727813647297,165.94564818215204,124.64508349638258,149.23054729459807,263.9137348925967,422.2515765018254,260.3192640692641,152.0599058622165,151.08957932948965,129.58437623501516,138.9734702039728,195.20467466835123,181.83186440677966,220.042502550153,156.07903168455667,130.64947458236034,123.97950153056209,153.91042656820318,176.20689655172416,422.6315789473684,182.50000000000003,164.25,336.9230769230769,334.58333333333337,252.69230769230768,547.5
operatingCycle,214.36399978568494,224.58965338946632,254.06723531000085,271.09731320880803,228.92006820332938,224.83022087221315,241.00810348999187,203.71494762969363,184.81881920026166,225.43937720090892,225.0330467973845,180.12886516932699,206.7870439753816,342.3082165207896,509.3881198248094,339.1002863994187,226.28019438980982,233.56223476176933,214.27220404495338,223.43550366600624,294.96880453654694,328.8522692910984,328.50344317279365,262.4452266149864,217.7525729583509,230.77272079464595,227.97803567498858,247.61994002998503,515.2435192458759,268.38235294117646,245.36111111111111,464.6730769230769,419.75000000000006,353.38196286472146,590.952380952381
daysOfPayablesOutstanding,68.56625814475069,78.54712890733569,79.06222530650011,90.66756967437695,87.25033221411834,106.56406190267178,67.91219579920268,94.93015396169734,75.75397888644767,88.90492467400938,102.91549353246012,104.34977476452654,60.98184562119934,99.12169105054558,218.6365748423498,157.5528638028638,95.89644843816859,44.114883621610076,65.77789487551047,51.09318757499,91.07706885660139,105.36745762711864,96.36943216592995,47.14121343175236,115.49493668043829,87.77133408041006,72.41165408884102,25.17241379310345,76.84210526315789,60.833333333333336,73.0,84.23076923076923,152.08333333333334,112.3076923076923,365.0
cashConversionCycle,145.79774164093425,146.04252448213063,175.00501000350073,180.42974353443108,141.66973598921103,118.26615896954137,173.0959076907892,108.78479366799628,109.06484031381399,136.53445252689954,122.11755326492437,75.77909040480044,145.80519835418227,243.18652547024402,290.75154498245956,181.54742259655487,130.38374595164123,189.44735114015924,148.49430916944291,172.34231609101624,203.89173567994555,223.48481166397977,232.13401100686372,215.30401318323402,102.25763627791261,143.00138671423588,155.56638158614754,222.44752623688157,438.40141398271794,207.54901960784312,172.36111111111111,380.4423076923077,267.66666666666674,241.07427055702914,225.95238095238096
grossProfitMargin,0.8176327086037065,0.8089642510754883,0.820064146855151,0.8316069516214558,0.8339685624733684,0.8413959901550402,0.847003274231284,0.8265606071789884,0.796768730634982,0.800182135539197,0.8060771513353115,0.7827307688505304,0.7371577240325271,0.7208441469744571,0.7444054223715241,0.76283835811171,0.7324250057247539,0.7549194054846138,0.7050778973542096,0.6782067782067782,0.7053019584481346,0.7037676735218509,0.7387751476662078,0.6934244724350875,0.7103083228144911,0.6743729927171358,0.6946871634999817,0.6847826086956522,0.7164179104477612,0.11764705882352941,0.25925925925925924,0.35,0.6,0.5517241379310345,0.9047619047619048
operatingProfitMargin,0.13638923269425918,0.27085668572615224,0.29637773626057373,0.29217916593019266,0.2646522352037646,0.202419021612202,0.19755843698697895,0.12446648227831063,0.04553944337655124,0.10462042447699274,0.012027695351137487,-0.11057725578590424,-0.29255772169915883,-0.4031962846605655,-0.6190427715851444,-0.5629133842721475,-0.6936340737348294,-0.08512141511408834,-0.398306072496989,-0.8361647361647362,-0.9167101049966491,-0.7053743573264781,-0.5133898831993605,-0.35783190137767973,-0.04433484829610795,0.012158963134942257,-0.0028613450579704617,-0.09782608695652174,-0.34328358208955223,-1.3235294117647058,-2.3333333333333335,-4.2,-1.1333333333333333,-1.103448275862069,-0.30952380952380953
pretaxProfitMargin,0.18469536798051472,0.34007376799658295,0.30542298988087524,0.3422784599548758,0.27021013930128723,0.20512503817616728,0.19978576392155198,0.12489633582416819,0.04644881645366281,0.10663782853962712,0.02012265084075173,-0.10739389625411513,-0.2141215451565107,-0.4213222237399262,-0.6854820922617533,-0.5410965665659737,-0.6662010533547057,0.0,0.0,0.0,0.0,0.0,0.0,0.0,0.0,0.0,0.0,0.0,0.0,0.0,0.0,0.0,-0.6333333333333333,-0.7586206896551724,-0.14285714285714285
netProfitMargin,0.1323039525933048,0.266099287098152,0.24142359876463193,0.33663273687603323,0.18891821291488492,0.11703465497727396,0.11575727598522803,0.4936281810247882,0.04002875143621047,0.09495079810781412,0.011829871414441147,-0.11621239532975453,-0.2219499959166054,-0.4315940445294359,-0.6944232367961182,-0.5504748366206638,-0.6743531028165789,-0.061283232154071596,-0.3669917246202261,-0.7795366795366795,-0.8070593491697073,-0.45794505141388175,-0.4642714393569303,-0.3038624413547658,-0.11172712350074197,0.04466450774605408,0.03823878177552884,-0.043478260869565216,-0.29850746268656714,-1.1470588235294117,-1.8888888888888888,-3.3,-0.6333333333333333,-0.7586206896551724,-0.14285714285714285
effectiveTaxRate,0.28366393786733834,0.21752480743876207,0.20954346344787306,0.01649453219927096,0.30084706146337814,0.42944724828394076,0.4205929706248671,-2.952303146184599,0.13821805392731537,0.10959554026805836,0.4121116791191506,-0.08211359661235386,-0.03656078025390944,-0.02437996433781812,-0.013043585872336212,-0.017331971101218712,-0.012236620492902073,,,,,,,,,,,,,,,,0.0,0.0,0.0
returnOnAssets,0.08157378452043244,0.1509175506019638,0.16688478555022682,0.24566508527561162,0.1426418693371483,0.09468509158560647,0.08998398324255598,0.3359902118114355,0.035787485333995436,0.08831816657745045,0.00971340579945553,-0.08933185396844696,-0.14682411051941036,-0.23240265376072022,-0.3467733053180944,-0.20473186814800673,-0.37496975947642514,-0.0383550875354154,-0.15966599617991584,-0.2659028052153299,-0.2421250167552835,-0.09660800081346971,-0.08583768515781522,-0.2035133749187161,-0.06494239937201937,0.03964416100210335,0.030298661353216082,-0.027210884353741496,-0.12987012987012986,-0.17410714285714285,-0.19767441860465115,-0.22073578595317725,-0.06859205776173286,-0.176,-0.04081632653061224
returnOnEquity,0.09080199504299134,0.16960911500930678,0.1905354089196652,0.27646361899475924,0.16267744124932562,0.1152827763780468,0.10344247847603552,0.38993003155439704,0.043664205568062345,0.10952728333819667,0.01183717744681188,-0.11222707006673477,-0.1762199414576309,-0.2724278558064544,-0.43731435775797595,-0.22835496949097014,-0.42379979276997465,-0.0416881752968191,-0.17384422850412248,-0.29265582219358993,-0.2732555940750079,-0.10490623677285191,-0.09257553752966596,-0.24794310718301663,-0.0759514733443542,0.04829300213733106,0.03521989486181116,-0.03007518796992481,-0.18867924528301888,-0.312,-0.3128834355828221,-0.3113207547169811,-0.07196969696969698,-0.19469026548672566,-0.044444444444444446
returnOnCapitalEmployed,0.09167808950992093,0.16812559049062906,0.22978451506900846,0.23705643919742542,0.22393981413524147,0.18747621137403103,0.17251119531519118,0.09585752120060993,0.04778966376374317,0.1157314454013138,0.011559286974508731,-0.10238454849192183,-0.22488475956450774,-0.2493516586556737,-0.3702196742935417,-0.23125902373343282,-0.4339809163586349,-0.05790419907794728,-0.18867785630153122,-0.31391528426477694,-0.3103813425780019,-0.1610421290097757,-0.10172563996515281,-0.2897881912585601,-0.029541395670527475,0.01314674621971933,-0.0026354467225620415,-0.06766917293233082,-0.16083916083916083,-0.21226415094339623,-0.25609756097560976,-0.2896551724137931,-0.07196969696969698,-0.19298245614035087,-0.044444444444444446
netIncomePerEBT,0.7163360621326617,0.782475192561238,0.7904565365521269,0.983505467800729,0.6991529385366219,0.5705527517160592,0.5794070293751329,3.952303146184599,0.8617819460726847,0.8904044597319416,0.5878883208808494,1.0821135966123538,1.0365607802539094,1.0243799643378182,1.0130435858723361,1.0173319711012188,1.012236620492902,,,,,,,,,,,,,,,,1.0,1.0,1.0
ebtPerEbit,1.3541785105173394,1.2555487308163114,1.030519342425738,1.1714677152465172,1.0210007827564482,1.0133683906898312,1.0112742688621283,1.0034535686876438,1.0199689106779863,1.0192830804569908,1.6730263157894736,0.9712114438980778,0.7318950390811931,1.0449556202994783,1.1073258968947843,0.9612430290063484,0.9604502987686111,0.0,0.0,0.0,0.0,0.0,0.0,0.0,0.0,0.0,0.0,0.0,0.0,0.0,0.0,0.0,1.0,1.0,1.0
ebitPerRevenue,0.13638923269425918,0.27085668572615224,0.29637773626057373,0.29217916593019266,0.2646522352037646,0.202419021612202,0.19755843698697895,0.12446648227831063,0.04553944337655124,0.10462042447699274,0.012027695351137487,-0.11057725578590424,-0.29255772169915883,-0.4031962846605655,-0.6190427715851444,-0.5629133842721475,-0.6936340737348294,-0.08512141511408834,-0.398306072496989,-0.8361647361647362,-0.9167101049966491,-0.7053743573264781,-0.5133898831993605,-0.35783190137767973,-0.04433484829610795,0.012158963134942257,-0.0028613450579704617,-0.09782608695652174,-0.34328358208955223,-1.3235294117647058,-2.3333333333333335,-4.2,-0.6333333333333333,-0.7586206896551724,-0.14285714285714285
debtRatio,0.10163004147860066,0.11020377298895379,0.12412718194238702,0.11140175995356363,0.12316134159910984,0.1786709640379787,0.1301060785835431,0.13833204774697297,0.18039307326429965,0.1936423155430326,0.17941537641883945,0.20400796425205947,0.16681330554912402,0.14692037246796805,0.20703882878226906,0.1034490354890111,0.11521957803328367,0.0799528340511947,0.08155710687784182,0.09141460702108667,0.11392475760689871,0.07910145492445747,0.07278221171215554,0.17919325432791797,0.1449487875293887,0.17909098114532104,0.13972879612230635,0.09523809523809523,0.3116883116883117,0.4419642857142857,0.3682170542635659,0.2909698996655518,0.04693140794223827,0.096,0.08163265306122448
debtEquityRatio,0.11312715937860451,0.12385282117810743,0.14171827162950296,0.1253679727609431,0.14046066561860066,0.217538837925901,0.14956545318961426,0.16053985457538758,0.220097057967485,0.24014444120221767,0.21864335653261757,0.25629397668579285,0.20021119715439623,0.17222351551520482,0.2610957967391072,0.11538556042425979,0.13022392355514623,0.08690079923102939,0.08879932273262663,0.10061201481720083,0.1285723290261582,0.08589594950219916,0.07849527115582161,0.21831357414246558,0.16952059176732723,0.21816179020080245,0.16242412333747236,0.10526315789473684,0.4528301886792453,0.792,0.5828220858895705,0.41037735849056606,0.04924242424242424,0.10619469026548672,0.08888888888888889
longTermDebtToCapitalization,,,,,,,,,,,,,,,,,,,,,,,,,,,,,,,,,,,
totalDebtToCapitalization,,,,,,,,,,,,,,,,,,,,,,,,,,,,,,,,,,,
interestCoverage,2.823434991974318,,,,,,,,,,,,,,,,,,,,,,,,,,,,,,,,,,
cashFlowToDebtRatio,,,,,,,,,,,,,,,,,,,,,,,,,,,,,,,,,,,
companyEquityMultiplier,1.1131271593786045,1.1238528211781074,1.141718271629503,1.1253679727609431,1.1404606656186007,1.2175388379259011,1.1495654531896142,1.1605398545753876,1.220097057967485,1.2401444412022178,1.2186433565326176,1.2562939766857928,1.2002111971543963,1.1722235155152048,1.2610957967391072,1.1153855604242597,1.1302239235551461,1.0869007992310293,1.0887993227326267,1.100612014817201,1.1285723290261582,1.0858959495021991,1.0784952711558216,1.2183135741424655,1.1695205917673273,1.2181617902008024,1.1624241233374724,1.105263157894737,1.4528301886792452,1.792,1.5828220858895705,1.4103773584905661,1.0492424242424243,1.1061946902654867,1.0888888888888888
receivablesTurnover,11.386996733180293,8.721246359810246,9.933644418192557,8.473080862029095,8.48091701185545,8.237979835352881,7.695826813946428,7.236112856604247,7.539639528677587,6.8911357099276564,6.177290057679148,6.578498959417273,6.341595146493045,4.655939964385652,4.1888280861346034,4.633095499451152,4.917792792792793,4.425709322524609,4.309946416610851,4.32146829810901,3.6586296144939383,2.4826485839648984,3.3652667762666266,3.431541386233975,4.1904364690270315,3.4178199937714107,4.9279300952427,5.111111111111111,3.9411764705882355,4.25,4.5,2.857142857142857,4.285714285714286,3.625,8.4
payablesTurnover,5.3233180557913204,4.646891682452213,4.616616830414353,4.0256951996271555,4.183365160195205,3.4251697381183317,5.374586931030807,3.8449321397632112,4.818228763232637,4.105509355509356,3.546599131693198,3.4978513448989337,5.98538788522848,3.6823423423423423,1.6694370567375887,2.3166827386692384,3.8061889250814334,8.273851590106007,5.548976608187134,7.143809523809524,4.007594936708861,3.464067637388445,3.78750804893754,7.742694203839716,3.160311702753815,4.15853312273472,5.04062508435708,14.5,4.75,6.0,5.0,4.333333333333333,2.4,3.25,1.0
inventoryTurnover,2.0020855279258574,1.9973969577714998,1.6795244649675873,1.6007388006226682,1.9636084774121585,2.0219003177693167,1.8855272999252057,2.3813640157386433,2.675795813019788,2.116275954454119,2.1995153473344105,2.9283144570286477,2.445879926175225,1.383027678148474,0.8644135873307321,1.402124430955994,2.4003697617091206,2.415785401083312,2.8166975881261593,2.6264005602240896,1.8698322702575005,2.007348938486663,1.658770445572476,2.3385588445838312,2.7937349244363556,2.9440350662324946,2.3715092481941467,2.0714285714285716,0.8636363636363636,2.0,2.2222222222222223,1.0833333333333333,1.0909090909090908,1.4444444444444444,0.6666666666666666
fixedAssetTurnover,5.095328164353795,4.170096143437743,5.0983926611734605,5.3062446122547495,5.067544615804792,5.073128496075282,14.214242581090407,25.23403089733757,26.657424880243866,24.144754924415942,19.81420507996237,16.124820659971306,12.692581075077744,9.395533880903491,7.805721096543504,8.787126995142263,9.052653399668324,13.629101283880171,8.040924711027804,5.815868263473054,5.705969832164861,5.239057239057239,5.699063528220703,5.71771973559796,6.087625937095121,8.711039074430964,22.03958115973862,18.4,11.166666666666666,4.857142857142857,4.5,1.8181818181818181,2.727272727272727,9.666666666666666,14.0
assetTurnover,0.6165634731351213,0.5671475194381003,0.6912529943393217,0.7297718206357305,0.7550456207280242,0.809034653915053,0.7773505594070733,0.680654437341703,0.8940445067597501,0.9301466479214584,0.8210914099706974,0.7686947138036903,0.6615188701088215,0.5384751173156416,0.4993688098889275,0.3719186682625585,0.5560436482167641,0.6258659373413472,0.43506702050337215,0.3411036480969314,0.30000893615119967,0.21095980951251134,0.18488685256347095,0.6697549523111674,0.5812590294745044,0.8875987445670606,0.7923542525773116,0.6258503401360545,0.43506493506493504,0.15178571428571427,0.10465116279069768,0.06688963210702341,0.10830324909747292,0.232,0.2857142857142857
operatingCashFlowPerShare,6.2798987787435365,6.082809038546744,6.9704951415480645,5.615483957159716,4.360881480307114,2.6623803136130255,1.8196142545730263,1.0654164205552275,0.5965831087608685,0.6749418351954594,0.09469953614426435,0.042349395969542875,-0.2007209924221691,-0.5247692219482828,-0.8893885723086401,-0.7307181831588261,-0.36410722304672793,-0.23639537520189624,-0.47917521351803577,-0.770901681550728,-0.9616103379340616,-0.5810032111856551,-0.4156208354718332,-0.43104378647422587,-0.04256509973186032,-0.016537316608647976,0.040518526904665515,0.06910556058661099,-0.272,-0.33076923076923076,-0.26666666666666666,-0.3272727332231406,-0.17592592592592593,-0.2872340425531915,-0.08235294117647059
freeCashFlowPerShare,5.492947518978985,4.900199379707576,5.996458531618672,4.635679454921957,3.0956673385726905,1.4963920625375826,1.4494123779736519,0.9377338058672967,0.5263893832307927,0.6024339733592412,0.04922603846354302,-0.006188285306858234,-0.2497970296892031,-0.6323031936242188,-1.0073309718158017,-0.819938062232709,-0.48356589436219793,-0.26830234199425135,-0.4994560113277474,-0.8109138795550911,-1.039428515570344,-0.7051325869344092,-0.49287420182424896,-0.5210701813414393,-1.0315222655016318,-0.12784747792867338,0.01745838565145496,0.06142716496587644,-0.288,-0.35384615384615387,-0.27450980392156865,-0.34363636988429763,-0.26851851851851855,-0.2978723404255319,-0.10588235294117647
cashPerShare,16.692859500495103,12.930770934869296,9.808008145377277,10.948275478167933,8.20440287183204,5.318192330820112,5.024476352952327,3.2476373301831067,1.946890730665582,1.9611638074297548,2.0123781727211134,1.6227298409879731,1.5885640618687424,1.639212201135256,1.1797012166949021,2.769687361746055,1.2021893374714483,1.8999980727642727,1.2917780889286037,2.5936002013566233,3.417530940392426,4.493823482586397,6.051930873369217,1.0547064658723069,1.6347102791005865,0.653512040117576,0.7610029584039485,0.04607037372440733,0.04,0.05384615384615385,0.3686274509803922,0.6627272847768597,2.2777777777777777,1.1063829787234043,1.5647058823529412
payoutRatio,0.0,0.0,0.0,0.0,0.0,0.0,0.0,0.0,0.0,0.0,0.0,0.0,0.0,0.0,0.0,0.0,0.0,0.0,0.0,0.0,0.0,0.0,0.0,0.0,0.0,0.0,0.0,0.0,0.0,0.0,0.0,0.0,0.0,0.0,0.0
operatingCashFlowSalesRatio,0.2766069010703143,0.32397743067436596,0.3745110794248427,0.32777035527506004,0.32428854617018305,0.2585110396493182,0.23303483915604337,0.18796323232498666,0.12778053070359338,0.16695125344666212,0.02875568743818002,0.015560894108807625,-0.08589128836932554,-0.25003414834039067,-0.48987971021869325,-0.3913206578609647,-0.21385390428211587,-0.13512664852417836,-0.39379929290182214,-0.6942942942942943,-0.747188919502569,-0.48035829048843187,-0.32446595905315984,-0.33637628813988696,-0.03062333028416111,-0.014390293240221529,0.04413930351357601,0.09782608695652174,-0.5074626865671642,-1.2647058823529411,-1.2592592592592593,-2.0,-0.6333333333333333,-0.9310344827586207,-0.16666666666666666
freeCashFlowOperatingCashFlowRatio,0.8746872700515085,0.8055816562142634,0.8602629239171853,0.8255173534974642,0.7098719267084229,0.5620504534556447,0.7965492545087571,0.8801570801570802,0.8823404073979374,0.8925716883215273,0.5198128783709411,-0.14612452350698857,1.2444987775061125,1.2049166894291177,1.1326106531827942,1.1220988900100908,1.3280865188992397,1.1349728892331525,1.0423243883188635,1.0519031141868511,1.0809248554913296,1.2136466259720713,1.1858746235970434,1.2088567279987845,24.233991509469647,7.730847812505277,0.4308741453639744,0.8888888888888888,1.0588235294117647,1.069767441860465,1.0294117647058822,1.05,1.5263157894736843,1.037037037037037,1.2857142857142858
cashFlowCoverageRatios,,,,,,,,,,,,,,,,,,,,,,,,,,,,,,,,,,,
shortTermCoverageRatios,,,,,,144.07509386733418,,,,,,,,,,,,,,,-371.6296296296296,-49.417355371900825,-30.95762711864407,,,,,,,,,,,,
capitalExpenditureCoverageRatio,-7.980035231943629,-5.143547571324205,-7.156296868608826,-5.731228979183711,-3.446753665216691,-2.2833680452246354,-4.915194572452637,-8.344255975327679,-8.49909453096704,-9.308533145275035,-2.082521489971347,-0.8725055432372506,4.09,4.880031991468941,7.540872290415252,8.190082644628099,3.047976501305483,7.408895265423243,23.627039627039625,19.266666666666666,12.357142857142858,4.680626223091976,5.379970544918999,4.787971206777787,0.04304038759730211,0.14856969402013442,-1.757080603269258,-9.0,17.0,14.333333333333334,34.0,20.0,1.9,27.0,3.5
dividendPaidAndCapexCoverageRatio,,,,,,,,,,,,,,,,,,,,,,,,,,,,,,,,,,,
dividendPayoutRatio,,,,,,,,,,,,,,,,,,,,,,,,,,,,,,,,,,,
priceBookValueRatio,8.66320951011291,10.88818861751932,8.10958186371034,13.29799710745125,19.27104110951903,12.464361040632998,11.117067480170835,8.810382219783236,5.534932314838465,5.270040195506273,7.392411696239815,6.16711818450875,3.275165622290563,2.0060089840752524,5.060840972711926,2.848025553871985,4.772652275788626,3.9467470736396164,4.449700935291519,1.365987049766468,1.8442207576426095,3.6364357974935126,2.889565678022387,5.412500221173257,3.576368223589229,4.469097861861065,6.960794807703824,4.284063815789474,4.569575471698113,4.29,5.084355828220859,2.4862420931603775,1.9431818181818181,4.367256637168142,3.305555555555556
priceToBookRatio,8.66320951011291,10.88818861751932,8.10958186371034,13.29799710745125,19.27104110951903,12.464361040632998,11.117067480170835,8.810382219783236,5.534932314838465,5.270040195506273,7.392411696239815,6.16711818450875,3.275165622290563,2.0060089840752524,5.060840972711926,2.848025553871985,4.772652275788626,3.9467470736396164,4.449700935291519,1.365987049766468,1.8442207576426095,3.6364357974935126,2.889565678022387,5.412500221173257,3.576368223589229,4.469097861861065,6.960794807703824,4.284063815789474,4.569575471698113,4.29,5.084355828220859,2.4862420931603775,1.9431818181818181,4.367256637168142,3.305555555555556
priceToSalesRatio,12.622815828982322,17.082450013097006,10.275488682729941,16.192152795828616,22.37956670242813,12.653773961159118,12.440551187553673,11.15341881195427,5.0740973519273815,4.568674647744808,7.387849020771513,6.386120354717205,4.125089308739631,3.1780213085644036,8.0362455676015,6.865479673833639,7.594276650790016,5.801871044850325,9.393486538715567,3.6385300694980693,5.446898935140368,15.8740588688946,14.491331643869078,6.633197227075687,5.260955668225826,4.133312224022335,7.5574420275919305,6.193266168478261,7.229477611940298,15.772058823529411,30.694444444444446,26.3541661875,17.099999999999998,17.017241379310345,10.625
priceEarningsRatio,95.40770008424599,64.19577519122049,42.56207237117566,48.10035098217871,118.46166844967459,108.11988947731982,107.47100846724514,22.5947772852016,126.76131954836077,48.11623218329559,624.5079732441471,-54.95214461931093,-18.58566967619849,-7.3634503275627425,-11.572547031517225,-12.471922814820129,-11.26157293422527,-94.67305885994877,-25.595908323099724,-4.667554670629024,-6.749068628898321,-34.66367595824927,-31.213058601970538,-21.829605519858536,-47.087542428234876,92.54131373221048,197.6381484105847,-142.445121875,-24.21875,-13.75,-16.25,-7.986110965909091,-27.0,-22.43181818181818,-74.375
priceToFreeCashFlowsRatio,52.17235355149884,65.45243879834536,31.893825162228605,59.84236026187241,97.21651814783111,87.08947558770343,67.0202638505174,67.41785313106924,45.00470707558561,30.65896150744812,494.2506193753308,-2808.5324347826086,-38.59133157825802,-10.548736851650345,-14.483819527260495,-15.635327338129496,-26.738858448762393,-37.83045621054428,-22.884898250828204,-4.982033359962406,-6.744090521851374,-27.228921703183133,-37.66173991516621,-16.312581883149907,-7.08903747845318,-37.15364649312866,397.3735108447348,71.2225609375,-13.45486111111111,-11.657608695652174,-23.678571428571427,-12.549602946428571,-17.689655172413794,-17.625,-49.583333333333336
priceToOperatingCashFlowsRatio,45.63449350012263,52.72728405043376,27.437075288962276,49.40090687042273,69.01127704548523,48.94867924528302,53.38494120710984,59.33830076230076,39.70947157589704,27.365321034887682,256.9178370941111,410.3954637865311,-48.02686497147514,-12.710349084949467,-16.40452829535222,-17.544383451059538,-35.511517436556375,-42.9365421862897,-23.853487571033938,-5.240616406327237,-7.2898550727526406,-33.04628895392591,-44.66210164590747,-19.719574360476845,-171.79567406314652,-287.22918671799806,171.21797187550715,63.30894305555556,-14.246323529411764,-12.470930232558139,-24.375,-13.17708309375,-27.0,-18.277777777777775,-63.75
priceCashFlowRatio,45.63449350012263,52.72728405043376,27.437075288962276,49.40090687042273,69.01127704548523,48.94867924528302,53.38494120710984,59.33830076230076,39.70947157589704,27.365321034887682,256.9178370941111,410.3954637865311,-48.02686497147514,-12.710349084949467,-16.40452829535222,-17.544383451059538,-35.511517436556375,-42.9365421862897,-23.853487571033938,-5.240616406327237,-7.2898550727526406,-33.04628895392591,-44.66210164590747,-19.719574360476845,-171.79567406314652,-287.22918671799806,171.21797187550715,63.30894305555556,-14.246323529411764,-12.470930232558139,-24.375,-13.17708309375,-27.0,-18.277777777777775,-63.75
priceEarningsToGrowthRatio,-2.409285355662777,5.651745698207453,-1.9186184186069035,0.3782504380641918,1.0777339761210996,3.1389645332125116,-1.5837832826751914,0.016448305303403465,-2.5352263909672157,0.05660733198034775,5.55118198439242,-1.348825367928541,-0.45710701095515205,-0.2650842117922588,0.518248845324467,-1.1952259364202633,0.01191127906504596,-1.2530257790287336,-0.5302009581213515,-0.28554452102671674,0.07575485195702197,-4.583308265590744,0.5938094075496835,0.14398250449268393,0.11484766445910946,2.1592973204182453,0.8234922850441029,-1.6882384814814815,-0.5189732142857143,-0.5499999999999998,-0.6267857142857143,0.039930554829545446,-1.125799178429132,-0.8140774736274627,-2.4407275998393922
priceSalesRatio,12.622815828982322,17.082450013097006,10.275488682729941,16.192152795828616,22.37956670242813,12.653773961159118,12.440551187553673,11.15341881195427,5.0740973519273815,4.568674647744808,7.387849020771513,6.386120354717205,4.125089308739631,3.1780213085644036,8.0362455676015,6.865479673833639,7.594276650790016,5.801871044850325,9.393486538715567,3.6385300694980693,5.446898935140368,15.8740588688946,14.491331643869078,6.633197227075687,5.260955668225826,4.133312224022335,7.5574420275919305,6.193266168478261,7.229477611940298,15.772058823529411,30.694444444444446,26.3541661875,17.099999999999998,17.017241379310345,10.625
dividendYield,,,,,,,,,,,,,,,,,,,,,,,,,,,,,,,,,,,
enterpriseValueMultiple,53.622338186356075,45.610844750686,30.470659681520623,44.46336689719297,77.25569201245902,57.373880362909425,58.61919351804963,80.74691739337244,82.52459322341004,36.40368189941282,134.852365169356,-92.57143311641359,-25.922391670011148,-8.938709977157458,-13.758346217800986,-11.837881741943724,-12.288340531289133,-194.288841969147,-29.149410526185154,-2.4438049383615716,-5.058016156744536,-36.16513335704968,-25.615271367886873,-25.76793117361247,-70.76252372265571,57.02375231355097,111.93809580439539,,-28.198529411764707,-14.70138888888889,-17.372222222222224,-7.080687678571429,-27.0,-19.475,-78.3125
priceFairValue,8.66320951011291,10.88818861751932,8.10958186371034,13.29799710745125,19.27104110951903,12.464361040632998,11.117067480170835,8.810382219783236,5.534932314838465,5.270040195506273,7.392411696239815,6.16711818450875,3.275165622290563,2.0060089840752524,5.060840972711926,2.848025553871985,4.772652275788626,3.9467470736396164,4.449700935291519,1.365987049766468,1.8442207576426095,3.6364357974935126,2.889565678022387,5.412500221173257,3.576368223589229,4.469097861861065,6.960794807703824,4.284063815789474,4.569575471698113,4.29,5.084355828220859,2.4862420931603775,1.9431818181818181,4.367256637168142,3.305555555555556
revenueGrowth,0.21737606811386606,0.007895271993844566,0.09286200729889062,0.2958876562318421,0.33335653845462876,0.351277375031483,0.43086087941956747,0.2541234895966631,0.16138600086008448,0.2512284866468843,0.24936975412996412,0.18011270169052535,0.17078267996175386,0.24208954717429293,0.16371497956524314,0.15981222807419282,0.1427150931546996,0.48475076731807765,0.1042042042042042,-0.13210216695211854,0.07880784061696658,0.10565350623972998,0.01934828709468943,-0.015853200623948672,0.3634753640672752,0.2817214163307668,0.3960445652173913,0.373134328358209,0.9705882352941176,0.25925925925925924,0.35,-0.3333333333333333,0.034482758620689655,-0.30952380952380953,-0.10638297872340426
grossProfitGrowth,0.23042086302079154,-0.005746993088526606,0.07769295085682136,0.2922179947007884,0.3215863263557678,0.3423317235350597,0.46624922517676476,0.3010162587735185,0.1564317779463834,0.24207798327247027,0.28663450122514966,0.2530703975690048,0.19727891156462585,0.20277600510529675,0.1355954137225975,0.2079724871033297,0.10866551126516465,0.5897068547498346,0.14795369726105384,-0.16544369951961146,0.08115975115575595,0.053261196272918546,0.0860147157442168,-0.03924612279357067,0.4361309090201569,0.24424108113039578,0.41623666666666664,0.3125,11.0,-0.42857142857142855,0.0,-0.65,0.1111111111111111,-0.55,3.0
ebitgrowth,-0.38699320865841597,-0.07889446631276106,0.10856626870451755,0.430675143346252,0.7432936164547693,0.3845232243794544,1.2711225842461453,2.427717326318307,-0.49446895968083177,9.883552631578947,1.1358962896736702,0.5539559738395279,0.1504844501660004,0.19099953408063144,-0.2797516747921855,0.05876332904162953,-8.311712265600983,0.6826960593055014,0.47401364732440615,0.20835871816741805,-0.4020272194066397,-0.5191176470588236,-0.46248307106263437,-6.943167372615226,-5.971597721822542,6.4465306122448975,0.9591666666666666,0.6086956521739131,0.4888888888888889,0.2857142857142857,0.25,-1.4705882352941178,-0.0625,-1.4615384615384615,-12.0
operatingIncomeGrowth,-0.38699320865841597,-0.07889446631276106,0.10856626870451755,0.430675143346252,0.7432936164547693,0.3845232243794544,1.2711225842461453,2.427717326318307,-0.49446895968083177,9.883552631578947,1.1358962896736702,0.5539559738395279,0.1504844501660004,0.19099953408063144,-0.2797516747921855,0.05876332904162953,-8.311712265600983,0.6826960593055014,0.47401364732440615,0.20835871816741805,-0.4020272194066397,-0.5191176470588236,-0.46248307106263437,-6.943167372615226,-5.971597721822542,6.4465306122448975,0.9591666666666666,0.6086956521739131,0.4888888888888889,0.2857142857142857,0.25,-1.4705882352941178,-0.0625,-1.4615384615384615,-12.0
netIncomeGrowth,-0.3947234231238222,0.11091133890615687,-0.21622988541248417,1.3091379156637246,1.152314068616164,0.3661886911159462,-0.6644588698895222,14.465650931846007,-0.5103903023844412,9.042809364548495,1.1271799234368354,0.38209629941127,0.3979175238155521,0.22802345467871976,-0.46802481976973564,0.05324459234608985,-11.574295473953885,0.7520643658691509,0.48016069561389024,0.16169957556744788,-0.9012367336198579,-0.09058733499139085,-0.5574622988793095,-1.6765680502631028,-4.4106987422204815,0.4971046008747282,2.22781,0.8,0.48717948717948717,0.23529411764705882,0.22727272727272727,-2.473684210526316,0.13636363636363635,-2.6666666666666665,-7.0
epsgrowth,-0.396,0.11358574610244984,-0.2218370883882148,1.2716535433070864,1.0991735537190084,0.3444444444444444,-0.6785714285714286,13.736842105263158,-0.5,8.5,1.125,0.40740740740740744,0.4065934065934066,0.27777777777777773,-0.2233009708737864,0.10434782608695643,-9.454545454545453,0.7555555555555555,0.48275862068965514,0.1634615384615385,-0.8909090909090909,0.07563025210084022,-0.5256410256410255,-1.5161290322580647,-4.1,0.4285714285714285,2.4,0.84375,0.4666666666666666,0.25000000000000006,0.25925925925925924,-2.0000000000000004,0.25,-2.428571428571428,-8.0
epsdilutedGrowth,-0.39473684210526316,0.11512415349887149,-0.21033868092691632,1.2897959183673469,1.0940170940170943,0.37647058823529406,-0.6792452830188679,13.722222222222221,-0.5135135135135135,8.25,1.125,0.40740740740740744,0.4065934065934066,0.27777777777777773,-0.2233009708737864,0.10434782608695643,-9.454545454545453,0.7555555555555555,0.48275862068965514,0.1634615384615385,-0.8909090909090909,0.07563025210084022,-0.5256410256410255,-1.5161290322580647,-4.1,0.4285714285714285,2.4,0.84375,0.4666666666666666,0.25000000000000006,0.25925925925925924,-2.0000000000000004,0.25,-2.428571428571428,-8.0
weightedAverageSharesGrowth,0.006756756756756757,-0.0008632329179486044,0.005967357662933357,0.01716757638212579,0.021161940885332346,0.024500047388873094,0.038688718251624336,0.03299944068744597,0.005650295298238437,0.019257830822953043,0.032475045066860386,0.013338376168807172,0.051481509087781666,0.0744494070537502,0.1969104851791771,0.05750554855117763,0.1741506509639223,0.03270195916288809,0.007593553044123261,0.005962769943783075,0.013884854481748197,0.17093820515740743,0.019742316483159494,0.0674931726559452,0.12730505796493802,0.02382661602958633,0.07430951643460763,0.04188432,-0.038461538461538464,0.0196078431372549,0.04318183714876068,0.157894667036014,0.15151515812672153,0.06944442986111184,0.24187612286293828
weightedAverageSharesDilutedGrowth,0.004532118929806892,-0.003099353937489087,-0.007258780958159086,0.006586839407620668,0.026669353755206234,-0.005278984296692282,0.04752904941901162,0.030091813680719125,0.013495079411478126,0.02190580503833516,0.08085129281351737,0.013338376168807172,0.051481509087781666,0.0744494070537502,0.1969104851791771,0.05750554855117763,0.1741506509639223,0.03270195916288809,0.007593553044123261,0.005962769943783075,0.013884854481748197,0.17093820515740743,0.019742316483159494,0.0674931726559452,0.12730505796493802,0.02382661602958633,0.07430951643460763,0.04188432,-0.038461538461538464,0.0196078431372549,0.04318183714876068,0.157894667036014,0.15151515812672153,0.06944442986111184,0.24187612286293828
dividendsperShareGrowth,0.0,0.0,0.0,0.0,0.0,0.0,0.0,0.0,0.0,0.0,0.0,0.0,0.0,0.0,0.0,0.0,0.0,0.0,0.0,0.0,0.0,0.0,0.0,0.0,0.0,0.0,0.0,0.0,0.0,0.0,0.0,0.0,0.0,0.0,0.0
operatingCashFlowGrowth,0.03937678910910561,-0.12810237520640164,0.24870636843420024,0.3098012942361825,0.6726258730324195,0.49900384139592424,0.7739662739662739,0.8447967271797494,-0.11110269328383651,6.264446890478811,1.3087674714104194,-1.2138005976636783,-0.5978148046981699,-0.3660386506892014,0.45681130171543893,1.1222828996680587,0.8084817970565453,-0.4905288082083662,-0.3737024221453287,-0.1935419573450269,0.67806672798729,0.6368738023542294,-0.016744546976422192,9.8101778705005,1.901550073451193,-1.4178667438102832,-0.3701022222222222,-1.2647058823529411,-0.20930232558139536,0.2647058823529412,-0.15,0.0,0.0,0.0,0.0
freeCashFlowGrowth,0.12853816768010126,-0.18352318447920743,0.30126373124936956,0.5231813758843455,1.1125330365836694,0.05770708342188292,0.6054537819537033,0.8402318280608548,-0.12129185587573739,11.473795659078878,9.21304347826087,0.9748963108491596,0.5846028291621328,0.3255664617924961,-0.4704586330935252,-0.7931145690558736,-1.1161917761474152,0.44524372929484146,0.37940554511278196,0.21519454176654987,-0.4945569794680998,-0.675207756232687,0.035437646788488306,0.4607592296749101,-8.095527625129957,-8.497465877363203,-0.6946675,1.2222222222222223,0.21739130434782608,-0.3142857142857143,0.16666666666666666,0.0,0.0,0.0,0.0
tenYRevenueGrowthPerShare,5.893908822209736,5.898850801050402,6.964440647756486,7.162975440953988,6.406969924550357,4.51535993011004,3.5861300471097706,2.2400261149952017,2.836956294368922,2.6410049323280416,1.5589122692231063,1.2500876234399771,0.8243808604046586,0.6378458095502183,0.30617346192793393,0.6248816805044066,0.8547438479801235,1.4765075610604574,1.2701503619323324,3.245411891198226,5.077362215079306,6.391514178513978,3.507004901625593,3.050507794234617,1.8366462435828272,0.6876115700562185,0.34804772778888005,0.03737412017798095,-0.21287829787234044,-0.6159279869067104,-0.6890212765957446,-0.7596982548184982,-0.5826338361623379,-0.5354166513233404,-0.28042982321255144
fiveYRevenueGrowthPerShare,1.2044417802757894,1.4045341479603919,2.28361686338783,2.669536852759171,2.326335186735596,2.127280966951763,1.8691007806656614,1.4255085106181593,1.2245247202834721,1.2267659477274209,0.7636278890175945,0.5984555432889814,0.33581312982878647,0.7248431808300952,0.6351089507381574,0.4509366092234538,0.40766356179678165,0.3657455670004477,-0.0504378440004086,-0.20117037990754563,0.11988468012675536,0.31760450317594063,0.8133008233001614,1.3907338214659317,4.314539902397302,4.426775026863867,4.6098124746064135,1.4855252055877628,0.694252935172414,-0.466248010989011,-0.6890212765957446,-0.7596982548184982,-0.5826338361623379,-0.5354166513233404,-0.28042982321255144
threeYRevenueGrowthPerShare,0.3251715808598538,0.3961971649498412,0.8072072471708239,1.1941132614506296,1.3724452166423988,1.2058944789124806,0.9314426294725429,0.7211645153946479,0.7155113366863975,0.7299477475656111,0.5691160629742453,0.4990308832235309,0.251487565452341,0.232698643758846,0.037777193186517545,0.5346089489771573,0.5334044320984882,0.35934367177201865,0.006018971916361502,-0.13318338787833894,0.004321327991660763,-0.12981417351047495,0.11463525112378214,0.39594350859744926,0.9676276853987322,1.1440287639058295,2.5098827350938593,2.3358363196746788,2.275555496,-0.07977204102564105,-0.3306287789046653,-0.6660482147073702,-0.5826338361623379,-0.5354166513233404,-0.28042982321255144
tenYOperatingCFGrowthPerShare,65.31393388428852,142.63390313574766,-35.727285160524104,-11.700863774577723,-5.903235341766656,-4.643511787408663,-5.997468161568179,-5.506925821392639,-2.2450208022673808,-1.8755225878321629,-1.0984801560554334,-1.072890123762174,-0.5170574348268638,0.21743831697632235,19.894784175565448,43.186018835529005,-9.98619103067152,-4.420786593657952,0.7616735791104255,1.3306329907347592,2.606038767252731,0.7752875574559901,0.0,0.0,0.0,0.0,0.0,0.0,0.0,0.0,0.0,0.0,0.0,0.0,0.0
fiveYOperatingCFGrowthPerShare,1.3587534608161598,2.3429112919177912,5.542507705968605,8.41274379830053,5.46112191140771,27.113974175725435,41.96671092739242,-6.307947154398162,-2.13684851132459,-1.758882963206365,-1.1295978919463687,-1.116310233054915,-0.15090981686616764,0.09515101604588924,0.1536990949605488,-0.2401098924032865,-0.3733128904680352,-0.4312234733527529,0.1116625005489736,17.111121233288266,57.14790637987785,-15.339198770791327,-7.014289326991706,0.5847198032140656,-0.8713148147641432,-0.93798506271757,-1.1238066077354487,0.0,0.0,0.0,0.0,0.0,0.0,0.0,0.0
threeYOperatingCFGrowthPerShare,0.11831835450917717,0.39485768324947995,1.6181440367130133,2.086084835314391,3.0931239618350346,3.4627148749533254,1.695957132433606,10.250492493777186,13.087169252423887,-4.362587176611199,-1.1804593946891138,-1.0476163032538341,-0.7253099798961193,0.44124913962757667,2.762292606397428,0.524949877507223,-0.5276865626829375,-0.7541671861496709,-0.17526236638145015,0.8548196234569485,1.2308878311404698,12.649755664751082,24.13230201171148,-11.63818996895944,-1.6159431943036315,-0.9392010418799707,-1.1224978720373608,-1.2591458521997911,-0.16888890399999992,0.0,0.0,0.0,0.0,0.0,0.0
tenYNetIncomeGrowthPerShare,76.10070160887632,-16.7967596722103,-9.663230271250622,-7.366920022578693,-3.0150701288689588,-2.1726026396747375,-1.7872402741977582,-27.097973971035607,-1.418506902132016,-1.443489489737049,-1.0375085216928446,-0.4289968379078155,-0.12783494699133346,1.3263306057429594,7.118325925066562,-21.02611296399196,-33.70899884200246,2.490672919302978,1.7909734281838041,1.8851652775288923,1.5966545850431926,0.025729497123036286,2.303905767683876,0.6224144738816593,1.2185122762928606,2.5426879820260035,1.4227420356380753,-3.119851462972396,-12.0432,-21.706,-28.608000000000004,-38.27080067765092,-13.423599476901074,-17.56479939764366,-5.831399758430012
fiveYNetIncomeGrowthPerShare,1.4920512718984211,4.52746958780435,0.6059508565284163,29.859974130852628,5.61822029468832,29.938649809617175,-3.8578646017454017,-6.39445540069509,-1.2063164406937492,-1.3044731119763757,-1.0379008989367804,-0.7245354892891142,3.837925616675376,1.028470929048436,0.4565801454791829,-0.010352716028979046,1.0728737818843077,-0.819723343822715,0.14683950971594684,4.5735525094609955,-21.23560645125599,-16.779541971083713,18.362867014075473,1.4336216223271572,-0.4823471614143078,-1.1283210657065346,-1.0650037560660952,-0.8293689790214349,-0.3333333090909091,3.2857145,-28.608000000000004,-38.27080067765092,-13.423599476901074,-17.56479939764366,-5.831399758430012
threeYNetIncomeGrowthPerShare,-0.47917888307861944,0.9666027139956128,2.727976789526369,5.380681870160631,-0.09203297584008464,5.449516659724131,1.354677811719077,70.8194880750365,-1.59089890271489,-1.7400762439206734,-1.043009030116618,-0.7491357426107693,-0.49540352880245964,-0.2110581368667045,10.75944173039007,1.3018601068974933,0.3265008097796049,-0.8967796186239886,-0.19378834564460426,0.45543164256775615,1.6674797770741108,2.566701446929584,-12.586231182474641,-12.092790691025934,4.0562597724305345,-1.3208026642663362,-1.1170067630463671,-0.9232160437926545,-0.7037037090909091,0.6666667368421053,0.6666667272727274,6.714286240259749,-13.423599476901074,-17.56479939764366,-5.831399758430012
tenYShareholdersEquityGrowthPerShare,9.05104222419183,9.452410263818882,7.012337128777096,5.273976938264619,4.416971723159947,1.3227202572729404,2.2252926455400077,1.7901849710300566,0.6662391672598393,0.1849995480345183,-0.13413367129897127,-0.4662447047323805,-0.5418160514127752,1.1172491227646075,0.4099670046500477,3.2351656209992834,1.7182823585657183,1.5182835046650187,2.029141459373743,2.0758710345887352,1.9732244287272898,2.0439646965055465,1.5685089523832927,0.27395477227915704,0.2982045149535657,2.0565919018933316,1.8662091472541655,1.9368775476596733,1.4387066666666668,1.7652243589743593,2.676555555555555,3.9882637270593406,6.192610223469044,2.545118052904798,3.529437273528136
fiveYShareholdersEquityGrowthPerShare,2.163923759217752,2.3711345869118996,2.2865726728251468,3.873973144004089,3.455907861864873,2.1767649883816573,2.100561545184029,1.4379004897797287,0.28724076905979673,0.21568306416750102,-0.2688410172714078,0.04022855167952358,0.14450322428138065,0.29442696914957395,-0.025239733148700868,0.18423810573963803,-0.48688651700067903,-0.5996656550487983,0.6356651809839993,0.4464756644262562,2.5762787909565974,4.2976241097319114,5.290450810489372,0.8519324704041463,1.126458889170996,-0.16862621665689542,-0.42540946026848486,-0.5916812594575439,-0.31209437026548675,-0.38949935897435894,2.676555555555555,3.9882637270593406,6.192610223469044,2.545118052904798,3.529437273528136
threeYShareholdersEquityGrowthPerShare,0.5857370839132394,0.8862305687358306,1.2555991928551213,1.3874155645377444,1.176353449267788,1.4428022128938294,1.493187205622381,1.1802373648791356,0.5187463437064312,0.19071877255630737,-0.010164550828697183,-0.0224591844074071,-0.3461176366735433,0.22730987664120803,0.12100062472803602,0.7523818084626155,-0.08398212611392099,-0.32341613820399057,-0.5134918689645531,-0.5396046945573261,1.4203831087683711,1.5822700175614877,5.044079269640277,0.57571196997878,1.0021726555739217,0.2533659515808919,0.036519564118573954,-0.2011877684748084,-0.51111112,-0.6155464743589744,0.03707563491237191,0.10129877638725056,6.192610223469044,2.545118052904798,3.529437273528136
tenYDividendperShareGrowthPerShare,0.0,0.0,0.0,0.0,0.0,0.0,0.0,0.0,0.0,0.0,0.0,0.0,0.0,0.0,0.0,0.0,0.0,0.0,0.0,0.0,0.0,0.0,0.0,0.0,0.0,0.0,0.0,0.0,0.0,0.0,0.0,0.0,0.0,0.0,0.0
fiveYDividendperShareGrowthPerShare,0.0,0.0,0.0,0.0,0.0,0.0,0.0,0.0,0.0,0.0,0.0,0.0,0.0,0.0,0.0,0.0,0.0,0.0,0.0,0.0,0.0,0.0,0.0,0.0,0.0,0.0,0.0,0.0,0.0,0.0,0.0,0.0,0.0,0.0,0.0
threeYDividendperShareGrowthPerShare,0.0,0.0,0.0,0.0,0.0,0.0,0.0,0.0,0.0,0.0,0.0,0.0,0.0,0.0,0.0,0.0,0.0,0.0,0.0,0.0,0.0,0.0,0.0,0.0,0.0,0.0,0.0,0.0,0.0,0.0,0.0,0.0,0.0,0.0,0.0
receivablesGrowth,-0.06761748937527655,0.14800945067926757,-0.06782367386492529,0.29708613055277816,0.2951623346591435,0.2623479134069732,0.34538770893552845,0.3067290717247608,0.06149219907609169,0.12161501613060906,0.33051508844953176,0.13761467889908258,-0.14042228440600357,0.11747565915713169,0.2871386754482254,0.23108108108108108,0.028372900984365953,0.445914266577361,0.10715609936967001,-0.26522272170004085,-0.2679497407259673,0.49872963682558663,0.03942304331447169,0.20179364746278622,0.11208304785632721,0.8480298999842305,0.4479383333333333,0.058823529411764705,1.125,0.3333333333333333,-0.14285714285714285,0.0,-0.125,0.6,1.5
inventoryGrowth,0.15941474728284336,-0.10022422520202469,0.11299448988164365,0.6122619711576767,0.43723340299447483,0.306320119670905,0.5941337784666746,0.20260969314597074,-0.06577361018084393,0.3399748698617842,0.48461025982678213,-0.18521333188578873,-0.3766664410908845,-0.1521115446408079,1.0343177308275942,0.759860312243221,0.2556100077379417,0.4385899814471243,-0.056372549019607844,-0.3253012048192771,0.1521502449646162,0.03609701071630006,0.22450797812184786,0.24422305690109572,0.27826435110609005,0.10116104388719284,0.18108,-0.36363636363636365,0.4666666666666667,0.6666666666666666,-0.25,0.09090909090909091,0.2222222222222222,0.5,0.5
assetGrowth,0.11980655250846683,0.22844692230419034,0.15375977146022274,0.3407674455571451,0.4286973078446406,0.29835751572779534,0.25287335939970507,0.6473002380639413,0.20828357813869494,0.10452794147266926,0.16964312855275557,0.015574592884155284,-0.04698509833919299,0.15188382713016071,-0.13329123312013982,0.733997988209379,0.2862055976810075,0.032115751931170874,-0.13427572179053807,-0.23666279433448015,-0.24140560785676154,-0.030996485696456137,2.692602010071003,-0.14589028197287265,1.0820648971050744,0.14418527635982736,0.10268224489795919,-0.045454545454545456,-0.3125,-0.13178294573643412,-0.13712374581939799,0.07942238267148015,1.216,-0.14965986394557823,2.972972972972973
bookValueperShareGrowth,0.12300867787872156,0.24905328834667298,0.1304909848521339,0.335816207276356,0.4936475082767926,0.19655645442454234,0.21772189704921102,0.6765132702730189,0.22123650749526003,0.06487101088561685,0.16785375776899125,-0.042533177951940254,-0.11478083686665141,0.15334797901827987,-0.35954524003386157,0.6615193845857131,0.053445286814290664,0.001178095489677922,-0.13147839886333917,-0.2219102916410344,-0.2800873453035962,-0.17809540615932776,3.090561230653203,-0.23193611096071873,0.9237556426982879,0.0664231899551239,-0.02406242659379334,0.20427667164823124,-0.11808000000000046,-0.24787635677206213,-0.2629588657047743,-0.2904132102389147,1.0334316617502388,-0.24310480693459435,0.0
debtGrowth,0.0,0.0,0.0,0.0,-1.0,0.0,0.0,0.0,0.0,0.0,0.0,0.0,0.0,0.0,0.0,0.0,0.0,0.0,0.0,-1.0,-0.7768595041322314,0.025423728813559324,0.0,0.0,0.0,0.0,0.0,0.0,0.0,0.0,0.0,0.0,0.0,0.0,0.0
rdexpenseGrowth,0.3407425641025641,0.23406474346641826,0.05621210014651936,0.2417891815078954,0.13423010875787064,0.33415060592053697,0.3832318683457037,0.17149184225095254,0.1972940304908956,-0.05567215287749917,0.018067998650522922,0.027856977729829698,0.024715729627289955,0.016494762611871414,0.1177552485196483,-0.2580462639374272,1.2260502333851968,-0.056087838310371355,-0.30425262748151033,-0.24904998538439052,0.2071809801067443,0.4502014968336212,0.16234415364980748,0.4795137614285304,1.371696185517144,0.1910089176874978,0.2872844,0.041666666666666664,0.0,0.0,0.0,0.0,0.0,0.0,0.0
sgaexpensesGrowth,0.0,-1.0,0.06235422173845436,0.22386139593657464,0.20435657543100486,0.3280876166588539,0.3064894573162487,0.17226879003459175,0.27335652462986926,0.1745338929871289,0.15129962913609582,0.023834179857652415,0.09899380385497769,0.05125526985453303,0.24052958914436487,0.3726999320893833,0.6619907556702139,0.31948088788029216,-0.043870355302413885,-0.08940479130649544,0.3049713963419547,-0.012020378920554051,0.28547120777807294,0.07932289201736893,0.28092512551986637,0.2312510560319675,0.3350767441860465,-0.022727272727272728,-0.043478260869565216,-0.28125,-0.2727272727272727,0.6923076923076923,0.08333333333333333,-0.058823529411764705,4.666666666666667
