,2021-12-31,2020-12-31,2019-12-31,2018-12-31,2017-12-31,2016-12-31,2015-12-31,2014-12-31,2013-12-31,2012-12-31,2011-12-31,2010-12-31,2009-12-31,2008-12-31,2007-12-31,2006-12-31,2005-12-31,2004-12-31,2003-12-31,2002-12-31,2001-12-31,2000-12-31,1999-12-31,1998-12-31,1997-12-31,1996-12-31,1995-12-31,1994-12-31,1993-12-31,1992-12-31,1991-12-31,1990-12-31,1989-12-31,1988-12-31,1987-12-31,1986-12-31,1985-12-31
currentRatio,1.5664998212370398,1.825566963782015,1.9574690150032616,2.0864637718069527,2.240710209258085,2.0402298850574714,2.227954684629516,2.1794448116325182,2.0402775427314266,2.2188376753507013,2.324870167339873,1.669150521609538,1.5062080195399958,1.5471287128712872,1.6242065171392297,1.7379373427852733,1.8725617685305591,2.3858075040783033,1.6175428233904312,1.8658394445102588,1.8658878687243603,2.382776607542055,2.3072132510092613,2.174602934388644,2.8598864578283103,1.7285458276729195,1.6498476458831624,1.5260995817953622,1.3615276738548943,1.3648018648018647,1.2134570765661252,1.2534046692607004,1.3777325876970006,1.6826417299824663,1.8164513936097892,1.4200554528650646,1.3071428571428572
quickRatio,1.1313907758312478,1.4381135055850163,1.488454011741683,1.6456131414745956,1.798858592263792,1.6631400208986415,1.7553582363747704,1.6809319233311302,1.5987476730411236,1.7801603206412826,1.9122908251586843,0.8051415797317437,0.9157337675554651,0.778019801980198,0.9570461278036394,0.9249942831008461,0.9843953185955787,1.250815660685155,0.7542823390431187,0.9489794748527777,0.9010744285993358,1.0819862583684894,1.176697933982427,1.2971692759369537,2.1279617147057444,0.9247622626239269,0.8662279367367667,0.7293155430408063,0.7079291542145895,0.7453379953379954,0.4947795823665893,0.4708171206225681,0.5719369598373157,0.7603740502630041,0.6335825968728755,0.7809611829944547,0.5285714285714286
cashRatio,0.39622810153736143,0.6466207830305766,0.48793215916503585,0.33070164268432445,0.439568801521877,0.4315569487983281,0.49540722596448256,0.5277594183740912,0.6442714503300051,0.5348697394789579,0.8913252548567032,0.22149776453055142,0.15530225931202932,0.05821782178217822,0.07871349978840457,0.058998399268236905,0.07802340702210664,0.10236541598694943,0.05522740696987596,0.12552401988696074,0.08110568470404377,0.08969612335783983,0.08763357872239373,0.2850094962809386,1.1408642342159179,0.046282914703587016,0.026651439056012957,0.03929641585194722,0.053327000882659986,0.03496503496503497,0.02088167053364269,0.01556420233463035,0.02440264361972547,0.014611338398597311,0.024473147518694765,0.02356746765249538,0.08988095238095238
daysOfSalesOutstanding,65.43163129786092,73.74883431768728,71.89745046279279,74.11289563662599,72.88550739146395,70.4886630179828,72.15099546619356,73.6506791171477,77.73493360572013,80.06548754705307,78.61210172464192,76.78405962532733,68.47301029374843,57.563234847498805,65.52982137450803,63.95479572479526,60.242718446601934,62.17651684713568,56.44182400209055,53.536563201960384,66.54433890801941,49.46348196434939,64.42562694786108,53.21001472368835,55.315924253575,56.80211548234559,42.38245499329997,39.5922051391071,44.66692353438817,42.5246105323521,33.898488120950326,36.531223267750214,40.26477517156612,45.86763836911562,33.70156636438582,65.67515643868701,30.537518447042796
daysOfInventoryOutstanding,73.34403052064631,61.29287672765934,61.034768211920536,59.081757331066726,60.45961319681456,58.50344695518959,53.290430339948905,50.79808912941805,51.152898550724636,46.330303736502756,51.31146172468487,51.358190357519405,52.66400590287094,56.94920880823282,53.12559070439762,63.92983386355602,61.524827998803474,62.89388237030477,73.17775974025975,62.537940205586054,74.90152453323357,61.92603476022208,71.67097164839153,49.95484180944859,43.56947844168238,47.804566131243305,28.595912048432535,34.82069897839765,32.281422931129406,33.11270539227031,34.71585640482183,40.014745480189774,38.242989557667485,36.415592996366044,37.18867924528302,38.8433674743942,28.27927927927928
operatingCycle,138.77566181850722,135.04171104534663,132.93221867471334,133.19465296769272,133.34512058827852,128.99210997317238,125.44142580614246,124.44876824656575,128.88783215644477,126.39579128355582,129.9235634493268,128.14224998284675,121.13701619661937,114.51244365573163,118.65541207890564,127.88462958835129,121.7675464454054,125.07039921744045,129.6195837423503,116.07450340754644,141.44586344125298,111.38951672457148,136.0965985962526,103.16485653313694,98.88540269525737,104.6066816135889,70.97836704173251,74.41290411750475,76.94834646551757,75.63731592462241,68.61434452577215,76.54596874793998,78.5077647292336,82.28323136548167,70.89024560966884,104.51852391308121,58.81679772632208
daysOfPayablesOutstanding,122.1963644524237,121.564545912372,102.65121412803533,105.44358266043349,111.07792946530148,123.15779394867867,101.58413571756074,96.03594574731075,102.38514492753623,93.25603977316865,92.17171717171718,92.01092686667305,76.60886772202844,55.47499170078565,62.013676544170785,61.62896194179333,55.98377206102303,42.77322706811305,42.81047077922078,41.02262387329605,50.42252177716415,33.50569751985606,35.6160128500701,28.69315700786949,33.786201710289674,49.29435477306103,31.110551600305996,31.77090791122248,35.70209484566136,26.22830363341819,28.9137634123725,36.08347224003077,31.947671007861082,25.603457768968177,19.82561463693539,24.25430926804896,22.68918918918919
cashConversionCycle,16.579297366083523,13.477165132974633,30.281004546678005,27.751070307259226,22.26719112297704,5.8343160244937025,23.85729008858172,28.412822499255,26.502687228908542,33.13975151038717,37.751846277609616,36.131323116173704,44.528148474590935,59.03745195494598,56.641735534734856,66.25566764655795,65.78377438438237,82.2971721493274,86.80911296312952,75.05187953425039,91.02334166408883,77.88381920471542,100.4805857461825,74.47169952526745,65.0992009849677,55.312326840527874,39.867815441426515,42.64199620628227,41.24625161985622,49.40901229120422,39.70058111339965,40.46249650790921,46.56009372137252,56.67977359651349,51.06463097273345,80.26421464503225,36.127608537132886
grossProfitMargin,0.37042583853739863,0.38275826339239455,0.39452668159187354,0.4095172370526052,0.4133546901591751,0.41673182173573103,0.39810762862211707,0.3647283531409168,0.35927198439966573,0.3362037848708297,0.2996784565916399,0.29946954945276305,0.2514185287471755,0.2158445051846067,0.22204921932442367,0.21463933743580252,0.20838266635093536,0.18026737644425625,0.1951394786698896,0.20404329181131306,0.175772006574261,0.1988260700591773,0.19909148728784612,0.2038277230377225,0.20494947396982005,0.21374359473267168,0.1444739346310454,0.1539446076068803,0.1494911506277903,0.1740418617987193,0.14186654541320906,0.1660607356715141,0.12701014032571956,0.10567264132361631,0.09882522671063479,0.1210890328246789,0.11794755363832445
operatingProfitMargin,0.17222865862273587,0.15469899492280592,0.15541150131987838,0.1730606355280906,0.1736910601661828,0.17141367884135672,0.15734279519022276,0.12190152801358234,0.11574890890519082,0.10390347032434384,0.08173048816135633,0.05499227825152756,0.06733617875972885,0.060783548093192766,0.06504908957225033,0.06472956091241383,0.05931802036466967,0.037626277902123285,0.06029920951198798,0.06351439656932815,0.04312447661307416,0.07011286555096578,0.09265925192512901,0.08762719751866072,0.07648957844350773,0.07632556871349333,0.07131223418372962,0.07468843416966013,0.06879140944994011,0.054477683264838,0.022393997953847902,0.05731394354148845,0.030216122093618764,0.028461689974394327,0.025247320692497938,0.05280491821275662,0.043251220342831194
pretaxProfitMargin,0.17677809488824212,0.15331744551514523,0.15775052628061617,0.17497412089463282,0.17379117028731605,0.17219553967012918,0.15868322491622314,0.12168930390492359,0.10975949484631814,0.12055896457484659,0.0944168371821105,0.04995635533472101,0.06005523474767763,0.04776779903683457,0.043207473725184894,0.04848933512238005,0.04067013971110585,0.02873389389631601,0.05161037433853792,0.053359199509904025,0.01953340815667034,0.05215614470188991,0.07417820589426728,0.07604223769547576,0.07072803825499407,0.0541850733429511,0.06271872188092725,0.06701413713119182,0.0593046144052535,0.040428175475485044,0.008866659088325566,0.0451240376390077,-0.0036873911707466967,0.028461689974394327,0.025247320692497938,0.05280491821275662,0.043251220342831194
netProfitMargin,0.13764164005764504,0.11912409767554312,0.12363417649614061,0.13933937701935442,0.09894216972002536,0.12156074314010201,0.11153163808397398,0.08820033955857386,0.07879097409230197,0.08183365131748568,0.17871967261034785,0.07500167864097226,0.040823499874466485,0.03553299492385787,0.03814713896457766,0.03539536390135566,0.02752782382192754,0.021414312503780775,0.03410204481609721,0.03494996936900143,0.012597771283822523,0.02384159558313868,0.040818604400542295,0.048487906631544876,0.18468383563222668,0.08373986966089046,0.03975543284760838,0.04175105893796058,0.035747610711383986,-0.016534454745292936,0.0056837558258497215,0.03261334473909324,-0.0051213766260370785,0.018711837699428798,0.018961253091508656,0.031836645076298166,0.046770348507208535
effectiveTaxRate,0.22138746803069054,0.22302320342419463,0.21626773988561745,0.2036572248117605,0.43068356374807987,0.29405405405405405,0.29714285714285715,0.2752005580746425,0.28214890016920474,0.3045337895637297,0.31145510835913315,0.2325268817204301,0.24749163879598662,0.25340599455040874,0.11711711711711711,0.2729007633587786,0.3231441048034934,0.25473684210526315,0.3392405063291139,0.3450057405281286,0.3550653740104954,0.36000491642084564,0.3479219633684429,0.3623556052397741,0.36255771319934815,0.40350587067967586,0.36613132960386435,0.37698132475800405,0.39722041750233045,0.35697399527186763,0.358974358974359,0.2772511848341232,-0.3888888888888889,0.42214532871972316,0.44081632653061226,0.48440748440748443,0.47244094488188976
returnOnAssets,0.1401968685240617,0.10912139715885721,0.1209941137998692,0.14461989256063812,0.09273449472992838,0.11293670010377033,0.10689590024560741,0.08261439987277859,0.07095964875601087,0.07006003884866678,0.1301404853128991,0.052888257575757575,0.04276021669384106,0.04347364509793514,0.0475625539257981,0.041578346649274414,0.03597122302158273,0.02696526508226691,0.040784436284084694,0.04191917913682985,0.01120777666058954,0.028090704472155715,0.03987082536800296,0.05797386608846126,0.21469164680202535,0.07391851640926204,0.06444730816292693,0.0676375851116403,0.0518503849476187,-0.022496749024707413,0.006628662335940607,0.038690853735887355,-0.006283775292195551,0.023989898989898988,0.02348136804492088,0.04183496826312753,0.07709580838323353
returnOnEquity,0.2658552559764218,0.18660390629226858,0.22198224142068634,0.2587070471753058,0.17982775351770985,0.21546888404936315,0.19614504610691258,0.1504379931948165,0.1277188229096109,0.13290344192278702,0.2815435623503408,0.12673020195144089,0.10548851693265862,0.12774918109499298,0.1163895486935867,0.11174408413672217,0.07586882036221243,0.05993904503894345,0.09059354390836515,0.10046922818030259,0.03209273299430377,0.06635444195408066,0.09840773491941246,0.11092439907951522,0.38485883338962484,0.15405320754805846,0.16232224982819685,0.1833666405538058,0.15828357378629973,-0.07069881487535758,0.01742767514813524,0.1074321944346601,-0.018443378827001106,0.0647800886464371,0.06307850531367844,0.1021486438886932,0.17361989043404974
returnOnCapitalEmployed,0.2587451180166412,0.1969310587407668,0.20296748854462143,0.241317470037617,0.2160826967784789,0.21661804836736614,0.20022073947724878,0.15035861996754096,0.1384538487170943,0.11408673989355679,0.07643103165491225,0.05199339766378872,0.09510638297872341,0.10160272681122634,0.10884353741496598,0.0997433338086411,0.10171556187189118,0.05826152116897715,0.09805588016572825,0.0968761744973411,0.047826870255777365,0.0984500616037221,0.10753104809803181,0.12656566054071072,0.10823533808784407,0.07986204125368336,0.14901301417206952,0.16233973801061502,0.13690053508026204,0.095413458319384,0.03385461419487885,0.09198558434872146,0.049248747913188645,0.046545337413432114,0.0384917517674784,0.10088087248322147,0.10398471615720524
netIncomePerEBT,0.7786125319693095,0.7769767965758053,0.7837322601143826,0.7963427751882395,0.5693164362519201,0.705945945945946,0.7028571428571428,0.7247994419253575,0.7178510998307953,0.6787852865697177,1.8928792569659443,1.5013440860215055,0.6797658862876255,0.7438692098092643,0.8828828828828829,0.7299618320610687,0.6768558951965066,0.7452631578947368,0.660759493670886,0.6549942594718714,0.6449346259895046,0.4571195919370698,0.5502775904114564,0.6376443947602258,2.61118278109723,1.5454416593824565,0.6338686703961357,0.623018675241996,0.6027795824976696,-0.408983451536643,0.6410256410256411,0.7227488151658767,1.3888888888888888,0.657439446366782,0.7510204081632653,0.6029106029106029,1.0813648293963254
ebtPerEbit,1.0264150943396226,0.9910694351417727,1.0150505267684369,1.0110567337321008,1.0005763688760807,1.0045612510860122,1.0085191681282886,0.9982590529247911,0.9482551143200962,1.1602977667493797,1.1552217453505007,0.9084249084249084,0.8918717375093214,0.7858672376873662,0.6642287234042553,0.7491065046461758,0.6856287425149701,0.7636655948553055,0.8559046587215602,0.8401118863132174,0.4529540922184397,0.7438883618866933,0.800548292297947,0.8677926471319835,0.9246754877493683,0.7099203354297694,0.8794945579651601,0.8972491909385113,0.8620933177479058,0.7421052631578947,0.39593908629441626,0.7873134328358209,-0.12203389830508475,1.0,1.0,1.0,1.0
ebitPerRevenue,0.17222865862273587,0.15469899492280592,0.15541150131987838,0.1730606355280906,0.1736910601661828,0.17141367884135672,0.15734279519022276,0.12190152801358234,0.11574890890519082,0.10390347032434384,0.08173048816135633,0.05499227825152756,0.06733617875972885,0.060783548093192766,0.06504908957225033,0.06472956091241383,0.05931802036466967,0.037626277902123285,0.06029920951198798,0.06351439656932815,0.04312447661307416,0.07011286555096578,0.09265925192512901,0.08762719751866072,0.07648957844350773,0.07632556871349333,0.07131223418372962,0.07468843416966013,0.06879140944994011,0.054477683264838,0.022393997953847902,0.05731394354148845,0.030216122093618764,0.028461689974394327,0.025247320692497938,0.05280491821275662,0.043251220342831194
debtRatio,0.47265714943587384,0.41522447559085013,0.4549378678875082,0.44098974442454825,0.48431489068901884,0.47585610515392596,0.45501605894577746,0.45084085397368107,0.4444072757683462,0.4728500794631821,0.5377607492550022,0.5826704545454545,0.5846000105191185,0.6596953129146982,0.5913503019844694,0.6279145605739442,0.5258760733348805,0.5501218769043267,0.5498085787952184,0.5827659881929074,0.6507690179400165,0.5766567595942507,0.5948405336160438,0.47735695149537677,0.4421548158031363,0.5201754148078844,0.6029668869724363,0.6311347314464586,0.6724209359991933,0.6817945383615085,0.6196473551637279,0.6398579221108714,0.6592937036571572,0.6295454545454545,0.6277437468095968,0.5905943450663589,0.5559505988023952
debtEquityRatio,0.8962995306189281,0.7100578910350052,0.8346532277417806,0.7888759464181713,0.9391678796700631,0.9078730284432126,0.8349164528877487,0.820965756895678,0.7998795815458719,0.8969935516288418,1.1633818382759256,1.3961878829135466,1.4421954067730633,1.9385431289970363,1.4470836632356823,1.6875547765118317,1.1091532060695057,1.2228242465289536,1.2212773342589378,1.3967365356167278,1.8634343783056488,1.3621494441285027,1.4681639773222852,0.913351766298589,0.7926120513878986,1.0840949606607024,1.518681609134641,1.7110169627012422,2.0526981418981567,2.1426236207601144,1.6291390728476822,1.7766819302571328,1.9350793065289562,1.699965905216502,1.6863215632499142,1.4420570623458964,1.2520016856300042
longTermDebtToCapitalization,0.10379573468988457,0.07078578251470515,0.1425925925925926,0.11421791167973587,0.19637373885070916,0.1727357099961784,0.14066968541468064,0.13202211888902854,0.11796335634625597,0.15861048478015782,0.28976975405546834,0.21569674319273893,0.23145193458316712,0.3310726210350584,0.3337436258132583,0.38694367332318436,0.20946730297949182,0.3157223960143668,0.2279244271740587,0.3187208719485533,0.46349536902368976,0.4136841678576612,0.4489777397150837,0.24648503839968738,0.20167093755055654,0.3596009561368452,0.3354037921718387,0.346911798793412,0.41410765660446236,0.49158528984001665,0.3803455723542117,0.35462605137531256,0.36316654921306085,0.31996290285184326,0.2933624031007752,0.2281131049483415,0.24618805590851334
totalDebtToCapitalization,0.10676677067082684,0.07395160078160229,0.1455812999794956,,0.1993006993006993,0.1759747675240633,0.1472240288535446,0.13943056507382717,0.12620018413784032,0.1694950619001252,0.2983068372754297,0.22846638655462184,0.24728977439203048,0.34306793728865664,0.3427580225498699,0.3907084371662513,0.21644080797749937,0.32247332797980954,0.32347070564752844,0.32915817260802277,0.4738354593247673,0.4220939404250054,0.45567727826012294,0.25298132886343533,0.2104857713419994,0.3709210286555746,0.34111328414119546,0.35665856177205085,0.43190461441866246,0.504756122242461,0.388272921108742,0.36516100178890876,0.36924150767798974,0.3212219393658875,0.29438800193517173,0.32947567312234294,0.27208588957055213
interestCoverage,141.74418604651163,61.35616438356164,42.28181818181818,65.67857142857143,51.53465346534654,63.06849315068493,53.932432432432435,50.3859649122807,43.73684210526316,21.902173913043477,15.03225806451613,11.869565217391305,11.364406779661017,7.296875,,,,,,,,,,,,,,,,,,,,,,,
cashFlowToDebtRatio,2.9273972602739726,3.8082655826558267,1.606338028169014,2.0275519421860886,0.7953216374269005,1.3800988875154512,1.383132530120482,1.179177837354781,1.457008858780615,0.5900697578990562,0.12716637781629117,0.4781609195402299,1.0568720379146919,0.3183990442054958,0.48203441295546556,0.32209567198177674,1.1027761370348494,0.23692636072572038,0.09147005444646097,0.45928097146617214,0.12244647205832844,0.2649274353360753,0.1330386832187985,0.5496348430414041,-0.24290084645558455,0.775132000415372,0.5897555023459318,0.6890778112942018,0.5627125093296779,0.2714514835605453,0.31685886875343217,0.483159828536436,0.3163201008191556,0.2521613832853026,0.7986852917009039,0.22652329749103942,0.8297632468996617
companyEquityMultiplier,1.896299530618928,1.710057891035005,1.8346532277417806,1.7888759464181712,1.939167879670063,1.9078730284432126,1.8349164528877486,1.820965756895678,1.799879581545872,1.8969935516288419,2.163381838275926,2.3961878829135466,2.466978071882704,2.9385431289970363,2.447083663235682,2.6875547765118317,2.1091532060695055,2.2228242465289534,2.221277334258938,2.396736535616728,2.863434378305649,2.362149444128503,2.4681639773222854,1.913351766298589,1.7926120513878985,2.0840949606607024,2.518681609134641,2.711016962701242,3.0526981418981567,3.1426236207601144,2.629139072847682,2.7766819302571326,2.935079306528956,2.700306853051483,2.6863215632499142,2.441704825642832,2.2520016856300042
receivablesTurnover,5.578341740226986,4.949230769230769,5.076675148430874,4.924918893866831,5.007854278074866,5.178137651821863,5.058835261268448,4.955826672275978,4.695443645083933,4.558768218147626,4.643051031487514,4.753590807532716,5.330567451820128,6.340852819807428,5.569983136593592,5.707156060205968,6.0588235294117645,5.8703835227272725,6.466835656949725,6.817770476283291,5.485064634942417,7.379181276867494,5.665447389365576,6.859610956610149,6.598461562836682,6.4258170122808895,8.612054211057405,9.218986381727756,8.171594798083504,8.58326497128794,10.767441860465116,9.991452991452991,9.064995357474466,7.9576802507836994,10.830357142857142,5.557657107992679,11.952510176390774
payablesTurnover,2.9869955758144524,3.0025201612903225,3.5557299843014127,3.4615667524825304,3.285981308411215,2.963677639046538,3.5930807248764416,3.8006602336211275,3.564970291914234,3.9139556096077834,3.96,3.9669201520912547,4.764461489293704,6.579541317801238,5.8857984293193715,5.922540125610607,6.519746465138956,8.53337531486146,8.525951557093425,8.897529351787739,7.2388287442875345,10.89366964480279,10.24819935730907,12.720803078583991,10.803226806310054,7.404498987366187,11.732353855031294,11.488497622413572,10.223489730165122,13.916264090177133,12.623745819397993,10.115434500648508,11.424932975871315,14.255886970172684,18.410526315789475,15.048872180451127,16.08695652173913
inventoryTurnover,4.976546794728613,5.955014995001666,5.98019801980198,6.177879881851001,6.037087912087912,6.2389486260454,6.8492597577388965,7.185309649543927,7.135470527404343,7.878212974296206,7.113420427553444,7.106948228882834,6.930729893072989,6.409219858156028,6.870511841100076,5.709384460141272,5.932564330079858,5.803426124197002,4.987854251012146,5.836457017933527,4.873065031380646,5.8941283970995695,5.09271733876642,7.3065990558489355,8.3774241293375,7.635253900180247,12.764062198184277,10.482270910944138,11.306812614137455,11.02295918367347,10.513927576601672,9.121637426900584,9.544232922732363,10.02317880794702,9.814814814814815,9.396713615023474,12.906976744186046
fixedAssetTurnover,5.53645181476846,4.967061245496654,5.0526760087793345,5.903518518518519,5.665910380034033,5.814894998917515,5.7296137339055795,5.508534019172317,5.504216713519039,5.609777263523286,5.424992071043451,5.7635448916408665,4.830220713073005,5.502267844354261,5.490619805271907,5.059222846441948,4.7329784253292235,4.607302118171684,4.267354335098968,4.050119923910347,3.2399732055908,4.41227217282161,3.665984698034872,3.6884230413635084,4.009207916979534,4.2781653888280395,3.4531188876842775,3.4186519986062023,3.183534481379362,2.8736610821202966,2.5119931467732726,2.846013390139988,3.2663098026095683,3.581657848324515,3.4362606232294617,3.573558258140447,4.3202550269740065
assetTurnover,1.0185643564356435,0.9160312588983454,0.9786461739699149,1.037896793097835,0.9372595627560755,0.9290556900726392,0.9584356697525033,0.9366675943227448,0.9006063140288522,0.8561274942609924,0.7281822051936995,0.7051609848484849,1.0474412244253932,1.2234725834704603,1.246818377911993,1.1746834067068863,1.3067223640442485,1.2592169408897014,1.1959528088131886,1.1994053183351199,0.889663449834341,1.178222505041655,0.976780709520614,1.195635574226772,1.1624820659971307,0.8827159238317356,1.62109436488764,1.620020828984133,1.4504573568914554,1.3605981794538362,1.1662468513853905,1.1863503742230115,1.2269699635541034,1.2820707070707071,1.2383869321082184,1.3140507789959608,1.6483907185628743
operatingCashFlowPerShare,3.9630398410867387,3.474691459483475,2.809607957578344,2.669494971513533,1.90139839579996,2.574930358108353,1.9579655273676109,1.4759584929822844,1.532236177700729,0.7779138423741853,0.32022956149825976,0.6807305006275375,2.05867149128178,0.5913397068437286,1.0389150755477774,0.7750640814650891,1.0475357353041592,0.37911001362746805,0.14467149564044504,0.7108520662576565,0.35117637460587453,0.6180773153714497,0.3419458737949579,0.535132481737416,-0.1198842891514014,0.723769060611262,0.40925351692276896,0.42434701898909666,0.4162235692161003,0.3673677584597686,0.313103687786243,0.42814351761411734,0.27240563478109875,0.18827326519634213,0.6377952755905512,0.2126514131897712,0.5427728613569321
freeCashFlowPerShare,3.498799797309459,3.123575154735812,2.41298640460148,2.1628320809522656,1.3526492264238688,2.109644017088774,1.5446551503652146,0.9944123533620696,0.9968303316300523,0.39977630703374334,0.028367865754530677,0.38891093505403385,1.6201652319280377,0.2246647103862196,0.6495264330590041,0.40123543679805174,0.7636294246111199,0.10360063435465343,-0.11309636762368123,0.448699635803662,0.10226316921271653,0.3294550698596055,0.10828653985916853,0.33553834465284255,-0.3277782082848353,0.5827863241196394,0.08685247037087226,0.1539360341080198,0.21883752222189712,0.11286926700093335,-0.0016279221202057693,0.03418636452432116,-0.012480736254910899,-0.006993006993006993,0.2874015748031496,-0.19246298788694483,0.17404129793510326
cashPerShare,3.903078077775958,4.262848657640641,3.39591807937023,3.8356521644603006,4.776797440428822,4.350744398183079,3.668058531526082,3.0307764583065553,2.6633289784068466,2.5041468542073044,3.4139635363817877,0.6485485298446652,0.5869829401524657,0.16308993790999646,0.20287475491011717,0.14141904739603464,0.1346591196963033,0.1428777979286704,0.10735543525699691,0.20274347530425593,0.1463046953609085,0.1088994043622165,0.10513138745469525,0.26998178436499115,0.675731658554816,0.023886213819406484,0.020172872375759605,0.030137223105827133,0.042946250321280494,0.03255844240411539,0.019535065442469232,0.017364502615528205,0.02604675392329231,0.013448090371167294,0.023622047244094488,0.034320323014804845,0.11135693215339233
payoutRatio,0.3492096078833915,0.4601333719918817,0.40324324324324323,0.29288608734804145,0.32681281618887015,0.2578866768759571,0.23966065747614,0.26179018286814243,0.2510312315851503,0.2091997479521109,0.09061171082760877,0.22112802148612354,0.26322263222632225,0.27228327228327226,0.2437641723356009,0.2627450980392157,0.40860215053763443,0.5141242937853108,0.3218390804597701,0.2780796572207615,0.8494690387532754,0.3939098578294626,0.26335392013577863,0.24838731428828303,0.08240915296106091,0.2110613449103444,0.19749890088417763,0.18175318674037003,0.28586156802099444,-0.4913294797687861,1.96,0.32459016393442625,-2.0,0.5421052631578948,0.5706521739130435,0.35172413793103446,0.1383495145631068
operatingCashFlowSalesRatio,0.18115798694509594,0.19414223051151866,0.15243759815551175,0.14081370180996894,0.10891981179297226,0.16627573625228043,0.13577764636309875,0.11201188455008489,0.12981706750858946,0.074150466663229,0.03431745103770827,0.08379775733566106,0.13437107707757973,0.046249294980259446,0.08239263007655379,0.06542358765557767,0.11052569263556714,0.04028794386304519,0.016463056118115896,0.07839289360833163,0.04328518463179621,0.06952549992187156,0.04619636075325153,0.08136499816362584,-0.031075579545631903,0.2484354058472106,0.07477876965502955,0.08698143345763447,0.09661939742182984,0.06470419573736022,0.06559054223030579,0.08436698032506416,0.05141862132541227,0.034469174709474096,0.10016488046166529,0.03469096497969042,0.0835509138381201
freeCashFlowOperatingCashFlowRatio,0.8828575885197317,0.8989503647037893,0.8588338448049101,0.810202717754511,0.7113970588235294,0.8193013882669055,0.7889082462253194,0.6737400530503979,0.6505722460658083,0.5139082058414465,0.08858603066439523,0.5713141025641025,0.7869955156950673,0.3799249530956848,0.6251968503937008,0.5176803394625177,0.7289769683985002,0.2732732732732733,-0.7817460317460317,0.6312138025649708,0.29120173396483906,0.5330321331427781,0.3166774280893962,0.6270192075865949,2.734121464997682,0.8052103299738247,0.2122216835763011,0.36275978673005616,0.5257691740860504,0.3072378138847858,-0.005199306759098787,0.07984790874524715,-0.045816733067729085,-0.037142857142857144,0.4506172839506173,-0.9050632911392406,0.32065217391304346
cashFlowCoverageRatios,2.9273972602739726,3.8082655826558267,1.606338028169014,,0.7953216374269005,1.3800988875154512,1.383132530120482,1.179177837354781,1.457008858780615,0.5900697578990562,0.12716637781629117,0.4781609195402299,1.0568720379146919,0.3183990442054958,0.48203441295546556,0.32209567198177674,1.1027761370348494,0.23692636072572038,0.09147005444646097,0.45928097146617214,0.12244647205832844,0.2649274353360753,0.1330386832187985,0.5496348430414041,-0.24290084645558455,0.775132000415372,0.5897555023459318,0.6890778112942018,0.5627125093296779,0.2714514835605453,0.31685886875343217,0.483159828536436,0.3163201008191556,0.2521613832853026,0.7986852917009039,0.22652329749103942,0.8297632468996617
shortTermCoverageRatios,94.27941176470588,82.66176470588235,67.08823529411765,,43.52,62.02777777777778,26.697674418604652,19.26277372262774,19.690140845070424,7.731182795698925,3.1559139784946235,6.709677419354839,12.682464454976303,6.091428571428572,12.211538461538462,20.492753623188406,27.057971014492754,7.744186046511628,0.23908918406072105,9.867791962985176,3.0103914934751086,7.796208104951029,4.9860837054730505,16.128321451717433,-4.6304114490161,16.2651692926584,23.416987634299616,16.467677463818056,8.001040438371367,5.2890625,9.616666666666667,10.808219178082192,12.24390243902439,43.75,162.0,0.5683453237410072,6.571428571428571
capitalExpenditureCoverageRatio,-8.536617842876165,-9.89612676056338,-7.083850931677019,-5.268779342723005,-3.464968152866242,-5.534076827757125,-4.7372764786795045,-3.065040650406504,-2.8618219037871033,-2.0572246065808297,-1.097196261682243,-2.3327102803738318,-4.6947368421052635,-1.6127080181543116,-2.668067226890756,-2.0733137829912023,-3.6897233201581026,-1.3760330578512396,-0.5612472160356348,-2.7115982294217367,-1.4108386658361176,-2.141474972850232,-1.4634376809827172,-2.681103210514975,0.5766608742146772,-5.133742461115226,-1.2693926440368788,-1.569266940748427,-2.1086777690437453,-1.443496801705757,-0.9948275862068966,-1.0867768595041323,-0.9561904761904761,-0.9641873278236914,-1.8202247191011236,-0.5249169435215947,-1.472
dividendPaidAndCapexCoverageRatio,6.748421052631579,5.516192345436703,5.379716981132075,9.997772828507795,120.88888888888889,127.6,-70.28571428571429,-8.324921135646688,-5.074410163339383,-3.9182561307901906,-2.2751937984496124,-4.333333333333333,-7.51685393258427,-2.4337899543378994,-3.817635270541082,-2.9397089397089395,-5.908227848101266,-2.205298013245033,-0.896797153024911,-4.084805277718663,-2.166528979520849,-3.0130573690790388,-2.219135659810492,-4.4452515629651685,0.8036263156260672,-8.087510938867359,-1.464600872299422,-1.8181859686501294,-2.713949603557396,-1.7630208333333333,-1.1970954356846473,-1.2583732057416268,-1.1811764705882353,-1.3461538461538463,-2.265734265734266,-0.632,-1.6613995485327313
dividendPayoutRatio,0.3492096078833915,0.46013337199188176,0.4032432432432432,0.29288608734804145,0.32681281618887015,0.2578866768759571,0.23966065747614,0.26179018286814243,0.2510312315851503,0.2091997479521109,0.09061171082760876,0.22112802148612354,0.26322263222632225,0.2722832722832723,0.2437641723356009,0.2627450980392157,0.40860215053763443,0.5141242937853107,0.3218390804597701,0.2780796572207615,0.8494690387532753,0.3939098578294626,0.26335392013577863,0.248387314288283,0.08240915296106091,0.2110613449103444,0.1974989008841776,0.18175318674037003,0.2858615680209944,-0.49132947976878616,1.9600000000000002,0.32459016393442625,-2.0,0.5421052631578948,0.5706521739130435,0.35172413793103446,0.1383495145631068
priceBookValueRatio,6.666093660353672,4.752528135005271,4.232684089255704,4.681425222038935,6.91525033434846,5.545598177418058,4.259306572247891,3.8450924893433718,3.2830181672750776,2.683942221254501,1.7920364615951372,2.199615165418652,1.1969282760982407,1.2878339331773516,1.3618839927006412,1.709065447601262,2.093718766519824,1.3305976726071793,1.5724862682273133,1.3129824141265547,1.1858661166427045,0.8687583414177231,1.0788904955298735,1.3913293525441732,2.5207881561886816,2.3329263476125934,2.0827209000812763,2.21308935562997,4.025715983492337,1.5741920349489171,0.7181590515998606,0.6040386822965833,0.45317617642198454,0.0010141152403682237,0.00020898183064792597,0.00015702712222613594,0.0001142857142857143
priceToBookRatio,6.666093660353672,4.752528135005271,4.232684089255704,4.681425222038935,6.91525033434846,5.545598177418058,4.259306572247891,3.8450924893433718,3.2830181672750776,2.683942221254501,1.7920364615951372,2.199615165418652,1.1969282760982407,1.2878339331773516,1.3618839927006412,1.709065447601262,2.093718766519824,1.3305976726071793,1.5724862682273133,1.3129824141265547,1.1858661166427045,0.8687583414177231,1.0788904955298735,1.3913293525441732,2.5207881561886816,2.3329263476125934,2.0827209000812763,2.21308935562997,4.025715983492337,1.5741920349489171,0.7181590515998606,0.6040386822965833,0.45317617642198454,0.0010141152403682237,0.00020898183064792597,0.00015702712222613594,0.0001142857142857143
priceToSalesRatio,3.4512466598378024,3.033916261503209,2.357415658091826,2.521411307205638,3.804806871316362,3.1286514457878494,2.421919128386806,2.2543405159295413,2.025325582161016,1.652604241942969,1.1375581350482313,1.3017799011616193,0.4632049321561205,0.35820657493166735,0.4463629123604282,0.5413529845129431,0.7596733554345253,0.47538018597894866,0.5919295667031932,0.4567437810252563,0.4655032063910296,0.31215069293919206,0.4475136468144804,0.6081858301664507,1.2096612708636993,1.2681264570008488,0.5100931694276495,0.5039020393394142,0.9091892757411099,0.3681590279575648,0.23421601898829145,0.18336888569717708,0.12583843227286695,0.00029292889501674217,6.28194558944765e-05,4.894060818970249e-05,3.0786695425133386e-05
priceEarningsRatio,25.074146591049068,25.468535088229174,19.067669837760562,18.09546849671511,38.45485582217113,25.737350438718483,21.715086140520093,25.55931788031761,25.705045603172632,20.19467804914934,6.365041511285574,17.356676873769022,11.346526720650848,10.080956465934067,11.701084916876939,15.294460201670901,27.59656412903226,22.199180379711866,17.35759746652448,13.068503042247618,36.95123493699297,13.092693056162405,10.963472499528548,12.543041603919894,6.549903334651219,15.14364020551025,12.830778912229494,12.069203803625213,25.43356766083319,-22.266172887398845,41.2079663808,5.622510882098361,-24.5712122856,0.015654736842105263,0.0033130434782608696,0.0015372413793103448,0.000658252427184466
priceToFreeCashFlowsRatio,21.578828276501767,17.383925889432497,18.006732618610027,22.10065192807493,49.10363803304798,22.965960421540267,22.61022403074396,29.87191369814398,23.981012857935106,43.36800279296346,374.19099807692305,27.191315663394107,4.380211882188576,20.385934186666667,8.665287066906346,15.983964555024919,9.428657105069801,43.17862557372528,-45.99322780469939,9.230377449676098,36.93086209898498,8.422999837830826,30.590136173046567,11.921141245834402,-14.237270453149598,6.339277102256732,32.14263207573934,15.96983457606126,17.89760256940112,18.51946110346154,-686.79943968,27.220092365714287,-53.41567888173913,-0.2288,0.0013917808219178081,-0.0015587412587412584,0.0011491525423728813
priceToOperatingCashFlowsRatio,19.051032295273746,15.62728651828899,15.464791407214836,17.906008256272784,34.93218367424553,18.81604325625075,17.83739218685579,20.125904719704433,15.601381397919871,22.287172506258692,33.148095229982964,15.534782105769231,3.4472071090766594,7.745125089681051,5.417510181987118,8.274584196802149,6.8732738725227644,11.799564345972973,35.95502332351499,5.826341649120009,10.75433108004078,4.489729571020239,9.687205648184792,7.474784537490959,-38.926426748933594,5.104451407303654,6.821363493687022,5.79321378492626,9.4100077210344,5.689878743751847,3.570880968873483,2.173467451254753,2.447331900956175,0.008498285714285713,0.0006271604938271606,0.0014107594936708858,0.00036847826086956525
priceCashFlowRatio,19.051032295273746,15.62728651828899,15.464791407214836,17.906008256272784,34.93218367424553,18.81604325625075,17.83739218685579,20.125904719704433,15.601381397919871,22.287172506258692,33.148095229982964,15.534782105769231,3.4472071090766594,7.745125089681051,5.417510181987118,8.274584196802149,6.8732738725227644,11.799564345972973,35.95502332351499,5.826341649120009,10.75433108004078,4.489729571020239,9.687205648184792,7.474784537490959,-38.926426748933594,5.104451407303654,6.821363493687022,5.79321378492626,9.4100077210344,5.689878743751847,3.570880968873483,2.173467451254753,2.447331900956175,0.008498285714285713,0.0006271604938271606,0.0014107594936708858,0.00036847826086956525
priceEarningsToGrowthRatio,0.6089030870072767,-3.956519667275249,-1.3882433919278543,0.3418352893872122,-4.66258872833664,1.5099134811271835,0.5656910118853024,1.0235536883243668,3.0884114955068993,-0.4162055051267695,0.03663991028035027,0.4761233866313884,-7.679612608799913,-1.7058366618925211,0.7969344487470303,0.25276193324137225,0.9275527163682585,-0.6772654260435013,-3.297881032538496,0.061796999944008786,-0.7110324586734991,-0.42785203327114035,-3.45349383735149,-0.22483341594612807,0.03410568726355451,1.2488069065643508,1.881622245998494,0.3785386351212808,0.0992020132205741,0.047803903273651506,-0.4898849150165035,0.007737975966688404,0.1932762706332101,0.006551588426266026,0.0011366677759724372,0.0005142594978962568,0.0002009433343678829
priceSalesRatio,3.4512466598378024,3.033916261503209,2.357415658091826,2.521411307205638,3.804806871316362,3.1286514457878494,2.421919128386806,2.2543405159295413,2.025325582161016,1.652604241942969,1.1375581350482313,1.3017799011616193,0.4632049321561205,0.35820657493166735,0.4463629123604282,0.5413529845129431,0.7596733554345253,0.47538018597894866,0.5919295667031932,0.4567437810252563,0.4655032063910296,0.31215069293919206,0.4475136468144804,0.6081858301664507,1.2096612708636993,1.2681264570008488,0.5100931694276495,0.5039020393394142,0.9091892757411099,0.3681590279575648,0.23421601898829145,0.18336888569717708,0.12583843227286695,0.00029292889501674217,6.28194558944765e-05,4.894060818970249e-05,3.0786695425133386e-05
dividendYield,0.013927078499575012,0.01806673883668096,0.02114800847058315,0.016185604003632698,0.00849860984267288,0.010019938823539517,0.011036597134603858,0.01024245576873311,0.009765834904963827,0.010359152418422588,0.014235839729709404,0.012740228045629643,0.023198520455361298,0.027009666513627135,0.020832612878828885,0.017179102405360545,0.014806268948088903,0.0231596070211302,0.01854168361033044,0.02127861594566651,0.0229889214853506,0.030086236356397206,0.02402103167104249,0.01980279760936599,0.012581735752509267,0.013937292622255145,0.015392588574333085,0.01505925243268964,0.011239538700707383,0.022066184532630012,0.04756361869177853,0.057730464331851486,0.08139606531225581,34.628832705755784,172.24409448818898,228.80215343203233,210.1769911504425
enterpriseValueMultiple,16.938848268578695,15.735312033001206,12.406551193394028,12.536760862311318,19.077645176828188,15.697223627297783,12.832729687361248,14.808706006615559,13.828185019411515,10.833147451140619,4.714996822701916,11.776122279569892,5.780087394263481,5.791245952688172,8.303677955009235,9.537507261613397,11.757532773662552,10.274664550708087,8.870073133124164,6.886346681625032,13.255007174265721,7.143040760758927,7.612791321005265,6.500623733246159,4.805745774758144,11.750047693281536,6.4104650156091285,6.069306978595218,11.273733130783615,-15.07445541851319,-13.540134926197183,38.11340021885058,-7.862388108749999,2.203184516129032,2.0585533101045295,1.730303474903475,0.9157601990049751
priceFairValue,6.666093660353672,4.752528135005271,4.232684089255704,4.681425222038935,6.91525033434846,5.545598177418058,4.259306572247891,3.8450924893433718,3.2830181672750776,2.683942221254501,1.7920364615951372,2.199615165418652,1.1969282760982407,1.2878339331773516,1.3618839927006412,1.709065447601262,2.093718766519824,1.3305976726071793,1.5724862682273133,1.3129824141265547,1.1858661166427045,0.8687583414177231,1.0788904955298735,1.3913293525441732,2.5207881561886816,2.3329263476125934,2.0827209000812763,2.21308935562997,4.025715983492337,1.5741920349489171,0.7181590515998606,0.6040386822965833,0.45317617642198454,0.0010141152403682237,0.00020898183064792597,0.00015702712222613594,0.0001142857142857143
revenueGrowth,0.22229129969260525,-0.03254586159655161,-0.06123153172935161,0.06380351720225581,0.11571540265832682,0.05890005913660556,0.07661290322580645,0.09388058315535333,0.1106069200226886,0.1337620578778135,0.14852615322634796,-0.2521717298518705,-0.13597119180875525,-0.003114052160373686,0.0697728219127377,0.27948141131896753,0.02183775936120017,0.07996341543084863,0.04193043359880199,0.2761954070516941,-0.07755870651350821,0.20077726813056335,0.13264615522102424,0.10160672415800955,0.06623715266265827,-0.49429818031163214,0.124658366010312,0.1504987980265858,0.14103985472617797,0.1893827441173127,-0.059345594525235246,-0.04209771586602479,-0.03850699231829821,0.04637262984336356,0.06532001317378416,0.014930362116991643,0.0
grossProfitGrowth,0.18290922216206462,-0.06140425171508427,-0.09559555725775565,0.05392750464196335,0.10667381399088716,0.10843731431966726,0.17514255789596184,0.11049366761437064,0.18680981595092025,0.2719469371829887,0.1493273542600897,-0.10924705412422608,0.006432160804020101,-0.030970003895597974,0.10670403104117267,0.31789772727272725,0.18120805369127516,-0.002343488449949782,-0.0035361622631438485,0.48145951636099454,-0.18451661266141123,0.19917646149087534,0.10632746249184605,0.09557729482748521,0.022368618056595298,-0.2518337298760188,0.05546937810357058,0.18477304690345317,-0.019917627677100494,0.45913461538461536,-0.19639407598197037,0.2524193548387097,-0.10209992758870384,0.11281224818694602,-0.08548268238761975,0.01876876876876877,0.0
ebitgrowth,0.36079482027238224,-0.03698129434530208,-0.15696936740982417,0.05994236311239193,0.13053866203301476,0.15359559007767476,0.3896239554317549,0.15202567188126756,0.23722084367245658,0.4413447782546495,0.706959706959707,-0.38926174496644295,-0.042826552462526764,-0.06848404255319149,0.07505360972122944,0.3962075848303393,0.6109324758842444,-0.3261105092091008,-0.010813533528384186,0.8796003464738231,-0.43263197595346126,-0.09140281830548604,0.1976891696930501,0.2620112696394657,0.06852830188679246,-0.45874674340283766,0.07381955004483955,0.24912331969608417,0.44084210526315787,1.8934010152284264,-0.6324626865671642,0.8169491525423729,-0.3091334894613583,0.3470031545741325,-0.3796477495107632,-0.028517110266159697,0.0
operatingIncomeGrowth,0.36079482027238224,-0.03698129434530208,-0.15696936740982417,0.05994236311239193,0.13053866203301476,0.15359559007767476,0.3896239554317549,0.15202567188126756,0.23722084367245658,0.4413447782546495,0.706959706959707,-0.38926174496644295,-0.042826552462526764,-0.06848404255319149,0.07505360972122944,0.3962075848303393,0.6109324758842444,-0.3261105092091008,-0.010813533528384186,0.8796003464738231,-0.43263197595346126,-0.09140281830548604,0.1976891696930501,0.2620112696394657,0.06852830188679246,-0.45874674340283766,0.07381955004483955,0.24912331969608417,0.44084210526315787,1.8934010152284264,-0.6324626865671642,0.8169491525423729,-0.3091334894613583,0.3470031545741325,-0.3796477495107632,-0.028517110266159697,0.0
netIncomeGrowth,0.41229341838213973,-0.06783783783783784,-0.1670418730301666,0.4981450252951096,-0.09188361408882083,0.15411806291975963,0.36140519730510107,0.22451384796700058,0.06931316950220542,-0.48086359175662413,1.7367949865711727,0.37392373923739236,-0.007326007326007326,-0.07142857142857142,0.15294117647058825,0.6451612903225806,0.3135593220338983,-0.3218390804597701,0.016652059596844872,2.5405461315680595,-0.5125869660202332,-0.29864221394559426,-0.04650378728282124,-0.7107781317038289,1.3515294189583746,0.06519792226401576,0.07090170366366157,0.34371338863114487,3.466936416184971,-4.46,-0.8360655737704918,7.1,-1.263157894736842,0.23376623376623376,-0.4689655172413793,0.04316546762589928,0.0
epsgrowth,0.41179207539063467,-0.06437105645874037,-0.13735105780897167,0.5293622121096327,-0.08247533304506088,0.17045579604670452,0.38386832536280374,0.24971155076545234,0.08323063698140289,-0.48520929685921294,1.7371880724006854,0.3645415739094212,-0.01477486860163896,-0.05909684491567829,0.14682619047619055,0.6050934966961826,0.2975201693881496,-0.3277766666666666,-0.05263257617623557,2.114747164763394,-0.5196842209697308,-0.30600983606557375,-0.03174603174603177,-0.5578815564909315,1.920472466669943,0.12126486589646276,0.06818998308250106,0.31883677606008,2.563815676228471,-4.657814814814816,-0.8411764705882353,7.266126059712496,-1.2713,0.19047619047619047,-0.475,0.06666666666666674,0.0
epsdilutedGrowth,0.4150943396226414,-0.045045045045045085,-0.13953488372093018,0.5176470588235295,-0.08108108108108115,0.17088607594936708,0.38596491228070196,0.24590163934426215,0.07331378299120234,-0.4809741248097412,1.7148760330578514,0.35496499487128946,-0.0077644444444444375,-0.052631578947368356,0.1538452195585266,0.6038953196164681,0.3050842286707987,-0.3295435562994958,-0.05376451612903222,2.0491703305890803,-0.5158714285714285,-0.29213562681390254,-0.03260866020797806,-0.5695773437600142,1.920472466669943,0.12126486589646276,0.06818998308250106,0.31883677606008,2.563815676228471,-4.657814814814816,-0.8411764705882353,7.266126059712496,-1.2713,0.19047619047619047,-0.475,0.06666666666666674,0.0
weightedAverageSharesGrowth,0.0,-0.0037053875889282183,-0.03441822861757125,-0.020411966157205686,-0.010253907736451484,-0.013958645516742748,-0.016231628413539922,-0.020163099197781198,-0.012847912499039238,0.00844149127688128,-0.0001443497753894804,0.4103935615218358,-0.27892756184004325,-0.016882942608007982,0.005085790714017535,0.023614260872082758,0.014533745914321137,0.008535997144322459,0.07514922356785408,0.1418279225051818,0.010767812393545793,-0.00019943696981954994,0.006394710587641093,-0.35383129582147255,-0.19481198819871118,-0.05000330014587601,0.002538612628938522,0.01590692018348448,0.5038588103145145,0.0,0.0,0.0,0.0,0.0,0.0,0.0,0.0
weightedAverageSharesDilutedGrowth,0.0,-0.024635446971105687,-0.031841992171620384,-0.013808310185848056,-0.012554785805174608,-0.01220602200994358,-0.016288041148735534,-0.01940983747898435,-0.003436869012329768,-0.00045088566827697265,0.008924896562181834,0.28471439504626733,-0.20914493232089798,-0.022053990110121435,-0.0009931984949106197,0.023851674181349564,0.01232811852650419,0.006793342533068561,0.07457517733148744,0.15614961491181478,0.009439815100513095,0.012404022293694377,0.006394710587641093,-0.35383129582147255,-0.19481198819871118,-0.05000330014587601,0.002538612628938522,0.01590692018348448,0.5038588103145145,0.0,0.0,0.0,0.0,0.0,0.0,0.0,0.0
dividendsperShareGrowth,0.07183364839319474,0.06762890113184578,0.18768827253191828,0.37059785608344176,0.16275412746241763,0.2594683782360639,0.26688717121683725,0.3032733346935687,0.2998326664828464,0.18852304972209888,0.12161939538633898,-0.18164288396833694,0.3308527754218534,0.05502116408913203,0.06423924323280585,0.033489642808235964,0.0290008076717121,0.07416427019045438,0.09439262691577319,0.015058946359707077,0.039911641554937025,0.04926046075398347,0.004525584969554418,0.3490845495234946,0.14030194551543493,0.19826322849062294,0.16072984126348677,-0.15903293370540528,-0.04559250655526381,-0.1326530612244898,-0.010101010101010123,-0.009999999999999894,0.0,0.0,0.0,0.0,0.0
operatingCashFlowGrowth,0.14054438711972958,0.23213502849627357,0.016261973713521942,0.3753063725490196,-0.2691446484549933,0.2967479674796748,0.3050397877984085,-0.0561516452074392,0.9443671766342142,1.4497444633730834,-0.5296474358974359,-0.5336322869955157,1.5103189493433395,-0.44041994750656166,0.34724186704384724,-0.24263524370648099,1.8033033033033032,1.6428571428571428,-0.78118731928417,1.31129084049129,-0.42570651422248856,0.807169190393868,-0.35692089260360577,-3.884330088085304,-1.1333704322018179,0.6800789501021504,-0.03312045399378939,0.03573441062496207,0.7038552437223042,0.1733102253032929,-0.26869455006337134,0.5717131474103586,0.0,0.0,0.0,0.0,0.0
freeCashFlowGrowth,0.12012665743122897,0.2896886166411434,0.0772614792411328,0.5663221360895779,-0.3654003826182017,0.34670592565329406,0.5281214848143982,-0.022539857064321055,1.4614343707713127,13.211538461538462,-0.9270687237026648,-0.6614434947768281,4.2,-0.6599496221662469,0.6270491803278688,-0.46216017634092577,6.478021978021978,1.9238578680203047,-1.2709952541440264,4.0099931082012406,-0.6862567029925618,2.041831097079716,-0.6752114842348116,1.6614667231877915,-1.4528642367154705,5.3745461962064045,-0.4343562528841717,-0.2853845139163699,1.9157692307692307,70.33333333333333,-1.0476190476190477,3.739130434782609,0.0,0.0,0.0,0.0,0.0
tenYRevenueGrowthPerShare,1.3443613582809986,1.203197437360515,0.20301869098900316,0.4826965142675673,0.3844413396925975,0.30717385546664594,0.5214972193324239,0.4002961274261732,0.34314037762098987,0.15695129363400848,0.15016561841601125,-0.08621477855566197,1.0698155657009314,0.9440535832527039,2.2685011814911693,3.0664621133705583,0.7317751251562973,0.928837129513083,1.0399060606713164,0.5971067304920342,0.6995699942995899,0.7517890859878542,0.3971850963135298,0.19364220174467814,-0.26737813132032323,-0.41060906384969553,0.12374372051135489,0.001723282874335287,-0.11546399098676907,0.16579387186629518,-0.019832869080779966,0.042005571030640704,0.08779944289693596,0.13136490250696378,0.08122562674094715,0.014930362116991593,0.0
fiveYRevenueGrowthPerShare,0.41264925335497027,0.24113626856647846,0.3987612312137898,0.6061654277893451,0.6639820229667266,0.6595494973102908,0.7751454801213925,-0.13993992388174,-0.07687185353735008,-0.16799501401808045,-0.21233210724642831,-0.14288871736395542,0.6281375758611886,0.45498800222676755,0.39055812540425133,0.4602164554342828,0.066122031008614,0.27127805192145465,0.3361303187912562,1.3504959064842963,1.7848351511428162,0.6243685758167257,0.5172425313233169,0.5267268708614726,-0.32052350055743245,-0.3897053498473203,0.07844310218021917,-0.07912870390278,-0.2181691273494438,0.07821516900247306,-0.03425183884070697,0.042005571030640704,0.08779944289693596,0.13136490250696378,0.08122562674094715,0.014930362116991593,0.0
threeYRevenueGrowthPerShare,0.1539493871807637,0.025250502737144333,0.190191978495501,0.3146417682217736,0.3248179405052414,0.3120267516558928,0.3745456069563156,0.4120941126606459,0.4529514534811342,-0.31524319191724914,-0.27018216369652515,-0.35575488811824485,0.293236629595858,0.349044646372406,0.33998991394328343,0.3481267998883275,0.04520882320429686,0.15985616652044118,-0.011506475578697814,0.2250475088173592,0.23356580745428646,1.304388230340508,1.5407566959202446,0.20173743225951116,-0.20923317579843168,-0.3237236809354661,-0.03606997117562737,0.02199232281427298,-0.15112161239373958,0.071699272764519,-0.13364191451644675,-0.03627370156636442,0.07179712372378974,0.13136490250696378,0.08122562674094715,0.014930362116991593,0.0
tenYOperatingCFGrowthPerShare,11.375621483990557,4.104356946369084,0.3647675063635394,3.5143171355124165,0.8301769225915125,2.322216084689424,0.8691157364661188,2.8932194875565407,9.591140783591717,0.09433998900725069,-0.08812327749082323,0.10136787695959153,5.0204601050873565,0.10503422427998475,-9.665981863859873,0.07087208288581122,1.5596254937055112,-0.10660380145804901,-0.6524187808179295,0.9349876244937367,0.12159769528369117,0.4436217995679625,0.2552819403671318,0.0,0.0,0.0,0.0,0.0,0.0,0.0,0.0,0.0,0.0,0.0,0.0,0.0,0.0
fiveYOperatingCFGrowthPerShare,0.5390862236748596,0.7746438386762753,0.9035819577157086,0.7422216041911845,1.444227486680159,7.040888998695225,1.8762711903795157,-0.28305293038117707,1.5911268260320763,-0.25122480106083445,-0.5868347286937412,-0.35016011608436187,4.430274636071024,3.0874652206084674,0.4615067253264629,1.2070507514491657,0.6948296099082931,0.10868427631559903,-0.7296529353427778,-6.929484766431106,-0.5147949895657502,0.5102553547220666,-0.19418339591601094,0.28568519736944314,-1.326333180826837,1.311595451744988,-0.044120721006393485,0.5577762160834001,0.0,0.0,0.0,0.0,0.0,0.0,0.0,0.0,0.0
threeYOperatingCFGrowthPerShare,0.4845653891004709,0.8274399868848085,0.09113939673397403,0.36340243696861135,0.28824652240595366,0.6805048696685188,1.516943934808924,3.6090638418161944,1.2508704638446835,-0.6221282289726386,-0.458467683140233,-0.34476790581885036,1.6561306871430708,-0.4354944782174624,1.740405260222606,4.357406986317272,0.4736339458348959,0.07954304743006546,-0.7659330118700427,1.0788438192528302,-0.3437580662909691,-6.15561563359551,-0.5275483681132126,0.3075818767817747,-1.2825147433272808,0.7388949452679511,0.11401588054055477,0.3552923058472563,-0.027841011033969187,0.34860557768924294,0.0,0.0,0.0,0.0,0.0,0.0,0.0
tenYNetIncomeGrowthPerShare,0.8055188750546187,2.499307101951525,2.6433482094198872,4.814258242220259,2.5908231578383805,3.489317463345864,5.164492998432536,4.767478825189412,2.103254929906912,1.7089451139414404,15.316951478151925,1.8746157230394318,1.0700638036864916,0.42464484248296624,-0.3248788214225665,0.7188217139182991,0.19913171936114202,-0.010690456458485821,0.9460032857381506,-4.37591001152386,2.7670151085058037,0.2806244581536223,-12.135901513434732,2.093080036250763,7.525872444107025,0.5502739077642652,0.44229276697096837,0.35022120579047905,0.02082711860034456,-1.6223021582733812,-0.8201438848920863,0.09712230215827336,-1.1798561151079137,-0.3165467625899281,-0.4460431654676259,0.043165467625899186,0.0
fiveYNetIncomeGrowthPerShare,0.5995242792641472,0.3256259894080834,0.9607032558077477,1.840453398075937,1.01186173507898,0.1287849134026513,1.6397393608087227,0.8581844032889838,1.0469472395353199,0.7848260122594434,2.9771239055747993,1.3352657803852093,2.1038247953114784,0.5160405065503231,0.5177642500358555,3.1027013152092615,0.23095869737159216,-0.3330603561085495,-0.06028576655601587,-0.5551870598075528,-0.5810512192183239,-0.025855439405407164,0.48335693132455604,1.0708458129937977,-8.589504950245558,7.991588665032738,0.31461439087845644,-8.507229904195064,0.49363125774155686,-2.123376623376623,-0.8275862068965518,0.09712230215827336,-1.1798561151079137,-0.3165467625899281,-0.4460431654676259,0.043165467625899186,0.0
threeYNetIncomeGrowthPerShare,0.13988945259180255,0.23437803492235698,0.2104928065799259,0.6424161622168973,0.4861661777453088,1.0242286478670017,0.8733775249768286,-0.3031143219645717,0.5263586416060051,0.37264443377542794,2.6707517913659777,0.26666025707041086,0.4915638537605176,0.7413507468550711,1.3870381759536776,0.39925447064961195,-0.17675680803853722,0.9715806748453293,0.41390077491614535,0.04891809843869614,-0.6795040044945362,-0.7025170499288889,0.23847986471411675,0.4657048920682816,2.4979196671698625,0.5841979278121756,-3.3176727700458337,6.507229904195064,-0.06954118370198101,2.46,-0.7368421052631579,0.9805194805194806,-1.1724137931034482,-0.3165467625899281,-0.4460431654676259,0.043165467625899186,0.0
tenYShareholdersEquityGrowthPerShare,0.9120638187372916,1.3765198946363217,0.7313610170851522,1.8710726562277828,1.3240811198707978,1.3282000579983935,1.3844232684177478,1.2979379458785032,1.2012014779555016,1.047844817582818,0.8599450923254476,0.5051149544273164,0.93111341388461,0.23701672057408932,1.2323855715599712,1.369610886142187,1.5655566752953063,2.0265141419781316,2.4000254474874847,1.375581471694678,1.045644277189139,1.073415007865653,1.087068159435266,0.8168963588279096,0.16955772955305654,0.034505024023107365,0.0484431385959088,-0.1311313933100273,-0.23899788962649046,0.0386247877758914,0.2177419354838709,0.20500848896434645,0.15067911714770799,0.23769100169779295,0.23811544991511044,0.19736842105263158,0.0
fiveYShareholdersEquityGrowthPerShare,0.29637351045440274,0.3934058293813067,0.32877414502389546,0.40227863327602187,0.48688588960443313,0.4749328054898916,0.7055475472580249,0.30297614803004536,1.0474337896173636,0.5630527777011117,0.5785126273770101,0.3980397510765019,0.7636070693640318,0.0751026426924775,0.31015717882202465,0.17828965069230354,0.07658952706342266,0.09497940183522977,0.15060336702002297,0.7039066820723995,1.0110597464298552,1.3830407140345213,1.7639918494407942,1.9549934798933342,0.3941969338399125,0.017197167225230386,-0.12992883602255692,-0.24490799064493704,-0.3851436995747639,-0.16112444292080907,0.0170152428216944,0.20500848896434645,0.15067911714770799,0.23769100169779295,0.23811544991511044,0.19736842105263158,0.0
threeYShareholdersEquityGrowthPerShare,0.10924056514592609,0.18955403143610194,0.1749747750733915,0.24523779843721996,0.243277819805478,0.19985816674233994,0.2693581919703549,0.30421625666691976,0.5145437022854046,0.0894994403452873,0.6655878452175684,0.16330608961719098,0.5800149780881764,0.034168875826398014,0.22929240936260048,0.13440834300161317,0.09017917645457528,0.05562930029049594,0.03559914813466173,0.027395711631100262,0.10775313885372738,0.72541487421297,0.9387886104597107,1.1448528695131308,0.6665897275811761,0.6277006729687005,0.009453222121765834,-0.286492005102274,-0.3684674279535089,-0.0973810402065658,-0.016117969821673624,-0.026739801165581053,-0.03899326479971642,0.23769100169779295,0.23811544991511044,0.19736842105263158,0.0
tenYDividendperShareGrowthPerShare,5.9583118189153,6.281519391503877,4.581418040709125,5.2542047960381115,3.8141899500871945,3.4063054675549838,2.615708931212118,1.9367788190241992,1.4205074966792235,1.0379435184744648,0.7405070949923716,0.6137145967131666,1.0690318298731258,0.561701976062018,0.9969912249908031,1.1397190467408138,1.4808634231144069,1.798454759062419,1.190920284910984,0.9106769234658318,0.6326340322405561,0.5541154794392817,0.46634165890449325,0.0,0.0,0.0,0.0,0.0,0.0,0.0,0.0,0.0,0.0,0.0,0.0,0.0,0.0
fiveYDividendperShareGrowthPerShare,1.16594844343381,1.5451184309095145,2.0201298278160777,2.314046928757221,2.1429397303781674,2.2125934668527307,1.860974681206399,0.8480722216982212,0.8871805168985518,0.5317474603650569,0.37157269135322374,0.2638031909067671,0.589103923831261,0.2826051747594113,0.33046965717753984,0.26898640222644643,0.27687175370663636,0.3020116550242853,0.21760149326932124,0.5009671315821084,0.6861638887435361,0.942922941096236,1.1493315733876606,0.7993738485226827,0.27296386660503685,-0.03174653238652158,-0.2001147103845412,-0.31776852065997213,0.0,0.0,0.0,0.0,0.0,0.0,0.0,0.0,0.0
threeYDividendperShareGrowthPerShare,0.35909613315628547,0.7379322333347338,0.8927811671430053,1.007174847197373,0.8552955215980276,1.0795085772363842,1.1461540643908805,1.0134023232182106,0.7327685883855164,0.09092773347386897,0.22157008416273133,0.14903709539179819,0.49427474251824716,0.16039692625883029,0.13177765051851686,0.1423325363328555,0.20964957312169108,0.19326011408642746,0.15520979283888622,0.10756955930673555,0.09607620665490274,0.4219472274465664,0.5453257322900057,0.8433646974751575,0.5860002350829624,0.1696673587953663,-0.06836889797728914,-0.30384542924486957,-0.18055922279997402,-0.14999999999999994,0.0,0.0,0.0,0.0,0.0,0.0,0.0
receivablesGrowth,0.08444444444444445,-0.007633587786259542,-0.08929399042175189,0.08171791443850267,0.15365336417967998,0.03450339050658157,0.054690786705931846,0.036407237846086765,0.07827926657263752,0.15472312703583063,0.17586977338014684,-0.16140256959314775,0.02778541953232462,-0.12430739580823898,0.09611829944547134,0.3583213773314204,-0.009943181818181818,0.18969159273341782,0.09847271917245604,0.02673070600511743,0.24098109592767136,-0.07809007751768951,0.3713854250770013,0.05966791304898916,0.038339735627740165,-0.3222447079549319,0.2039183574846803,0.019787816563997262,0.1985233798195242,0.4920440636474908,-0.12713675213675213,-0.1309192200557103,-0.2223826714801444,0.42489711934156377,-0.4527027027027027,0.7777777777777778,0.0
inventoryGrowth,0.49183605464845054,-0.00957095709570957,-0.005579258286839514,0.04635989010989011,0.15969733174034248,0.126514131897712,0.0700912145943351,0.07704239917269907,0.1835985312117503,-0.029691211401425176,0.14713896457765668,-0.31752673175267315,-0.2372340425531915,0.07715813598166539,-0.11940800538176925,0.31898846495119787,-0.03468950749464668,-0.05465587044534413,0.2328363721668472,0.028992429611825007,0.14782762483051348,0.03785417546178178,0.6346915506481037,0.26483573479740413,-0.01735347131580583,-0.22305389221556887,-0.06605449969782524,0.23449957685626474,0.14545918367346938,0.09192200557103064,-0.16023391812865498,-0.0425531914893617,-0.01434878587196468,0.016835016835016835,0.045774647887323945,0.4152823920265781,0.0
assetGrowth,0.09925016610244566,0.033584041857423155,-0.0043952466221715775,-0.03934569793263066,0.10594949844344517,0.09238617041375402,0.052160776050570505,0.05176667363579344,0.0557566660780505,-0.0356747552149851,0.11221590909090909,0.11081891337505917,0.009236159031795742,0.015908110440034512,0.007880863090385347,0.42330006962172195,-0.015310786106032906,0.025705133213532308,0.04493830708401062,-0.053377210235848654,0.22163172126256636,-0.004520736175100048,0.38642381344536064,0.07106052063038369,-0.19036642304754414,-0.07128630165449702,0.12391358448417598,0.03007900629207422,0.07034980494148245,0.019488267267665386,-0.04313078777115312,-0.009299987432449416,-0.01485700136189179,0.18431085043988268,-0.016156953260242354,0.4254575365001028,0.0
bookValueperShareGrowth,-0.008710707136284778,0.11301544230309807,0.0053658710426612855,0.06306261391580043,0.09937424817473982,0.06548634952854855,0.0613893752700669,0.06098021613951519,0.12720308424344481,0.09053637234737004,0.23208164013392846,-0.18913721169909822,0.6671730698400231,-0.1394701402338151,0.1013226545658014,0.09121655386502203,0.022891763006424187,0.016316051543771987,0.048671381310953436,-0.00952564553009318,-0.0029681471282756483,0.04036439389677563,0.06794398954248765,0.5529575396095064,0.16902124107104657,0.18145047793858057,0.2066762805368678,0.14174270326730448,-0.2672983359051936,-0.14708957825026267,0.010567101091935255,0.04721504979712098,-0.06758508041994675,-0.1757077605024653,0.0018550208522297247,0.09171313208998289,0.0
debtGrowth,0.483739837398374,-0.4802816901408451,0.2827461607949413,-0.4605263157894737,0.26823238566131025,0.2995983935742972,0.1126005361930295,0.1662324127149557,-0.212556421830119,-0.47205372616984403,0.7685823754789272,0.030805687203791468,-0.24372759856630824,-0.152834008097166,-0.09977220956719818,1.5930301240401654,-0.3977232301672003,0.020326678765880218,0.09868198041913422,-0.3837989664247783,0.24255193113914156,-0.09249334958989137,1.6568113552034867,0.2746757756048122,-0.5743955139828579,0.2782800925098662,0.1297143285596461,-0.15420189179037128,-0.17806335204490778,0.36957715540911584,0.11512553582363748,0.028985507246376812,0.11839323467230443,0.012125534950071327,-0.1513317191283293,0.7763440860215054,0.0
rdexpenseGrowth,0.0,0.0,0.0,0.0,0.0,0.0,0.0,0.0,0.0,0.0,0.0,0.0,0.0,0.0,0.0,0.0,0.0,0.0,0.0,0.0,0.0,0.0,0.0,0.0,0.0,0.0,0.0,0.0,0.0,0.0,0.0,0.0,0.0,0.0,0.0,0.0,0.0
sgaexpensesGrowth,0.0,0.0,0.0,0.0,0.0,0.0,0.0,0.0,0.0,0.0,0.0,0.0,0.0,0.0,0.0,0.0,0.0,0.0,0.0,-1.0,-0.05174533979634991,0.389484057027655,0.03743129935660558,-0.0035233974149291116,-0.0032696786213320915,-0.05015130333221257,0.038176774264665356,0.12991852197830714,0.12552570093457943,0.0,0.0,0.0,0.0,0.0,0.0,0.0,0.0
